Jonathan Frost;2018-07-27;511
Amy Cervantes;2011-08-11;457
Nancy Zamora;2014-03-03;708
Alex Davis MD;1994-02-13;763
Jimmy Daniels;1972-08-10;820
Dean Hill;1993-06-03;309
Jason Hart;2020-04-05;552
Dean Boyd;1988-05-19;317
Ryan Guerra DDS;1992-03-07;374
Stephen Hutchinson;1988-04-13;81
Kelly Hernandez;2004-12-09;412
Paul Torres;1980-11-13;613
Joshua Carson;2012-06-30;45
Sean Williams;2017-10-25;28
Charles Paul;2014-11-11;187
Christian Cortez;1994-07-09;530
April Lamb;2006-09-25;243
Jeff Sampson;2002-03-31;789
Jessica Carlson;2012-04-27;585
Elaine Campbell DDS;2002-02-15;433
Brandon Rubio;2010-06-26;43
Jessica Bridges;1999-06-17;829
Charles Adams;2004-11-08;488
Nicole Bell;2007-09-25;837
Mark Nguyen;2001-11-27;729
Debbie Meza;1973-11-12;85
Andrew Watson;1986-07-27;850
Antonio Reed;1984-02-26;518
Holly Lucas;2010-11-05;961
Andre Mcmillan;2016-09-14;366
Dr. Lisa Calhoun;2001-02-14;76
Angel Mitchell;2005-08-01;371
Carly Parker;1972-12-28;789
Miguel Curtis;1994-10-26;178
Ryan Wilson;1985-05-21;613
Marc Peters;2010-11-18;693
Stephanie Hayes;1982-03-24;93
Antonio Patrick;1981-06-26;228
Miranda Shah;1979-06-06;237
Shawna King;1986-04-15;898
Kelly Reed;1984-02-21;853
Kimberly Beard;1993-04-13;94
Jeffrey Hutchinson;2003-11-12;343
Jon Brown PhD;2000-04-21;473
Jennifer Jacobson;2003-09-22;539
Katherine Brown;1988-07-04;715
Melissa Torres;2016-07-09;775
Janice Howard;1990-10-08;945
Charles Richardson;1998-06-17;13
Teresa Garrison;2022-08-19;363
David Woods;2011-03-03;531
Rodney Johnson;2007-04-17;596
Morgan Cole;2006-10-27;643
Joseph Heath;2008-02-22;753
Mrs. Melissa Forbes;1979-01-16;881
Julian Perez;1978-11-15;811
Stacy Morgan;1974-12-31;527
Pamela Coffey;2023-09-11;654
David Ramirez;1993-03-30;813
Amy Singh;2020-06-19;850
Tina Adkins;2014-09-28;484
Donald Wall;1974-01-25;27
Melissa Bullock;2023-09-22;666
Erik Campbell;2023-04-07;220
Regina Cox;1991-07-01;603
Danny Long;2009-11-03;581
Ryan Mason;1983-11-03;587
Douglas Gonzales;1993-10-12;198
Andrew Tucker;1975-03-12;456
Kyle Navarro;2007-05-01;770
Nathaniel Miller;1973-07-09;121
Jacob Thornton;1970-06-22;847
Jennifer Thompson;1998-01-08;392
Kevin Liu;2014-07-20;745
Lisa Christensen;1996-08-02;408
Matthew Wang;2001-08-21;268
Kristi Mckenzie;2011-12-17;654
Samantha Smith;2000-09-25;113
Nicole Serrano;1987-04-23;15
Jeffrey Rivas;1988-12-15;448
Kristen Garcia;1984-01-17;945
Brenda Phelps;2000-02-21;401
Kathy Martinez;2019-01-30;818
Robert Wilson;1986-04-04;970
Donald Watts;1994-09-10;191
Ryan Miller;2016-01-16;719
Sue Lawson;1999-10-19;742
Eric Myers;2006-08-01;694
Brittany Shaw;1972-01-28;6
Bonnie Rodriguez;2012-04-20;528
Jeffrey Rojas;1981-12-08;383
Michael Weaver;2014-12-02;163
Kelly Thornton;2023-08-22;348
Dave Contreras;1998-03-29;20
Bryan Francis;1973-10-27;728
Jennifer Smith;1973-06-30;215
Troy Davis;1976-06-20;816
John Mcintosh;1971-11-12;595
Robert Gallagher;1982-04-01;35
Richard Cox;2008-09-26;44
Samuel Bean;1981-05-26;268
Ricky Stewart;1993-06-20;907
Mark Knapp;2020-03-20;626
Beth Adams;1985-10-21;520
David Romero;1975-03-08;113
Colleen Hines;1982-05-26;993
Mrs. Denise Thornton;2011-02-18;532
Matthew Guzman;1976-09-17;314
Antonio Tanner;2009-10-09;826
Mary Gomez;1982-09-14;129
Anthony Carter;2005-08-18;511
Kathy Castillo;2006-07-30;416
Mr. Sean Blake;1991-03-26;247
Megan Buchanan DDS;1986-03-21;240
Phillip Armstrong;2018-07-10;301
Erin Young;1991-06-19;840
Michael Anderson;1992-03-30;370
Mrs. Jane Hill;1988-02-14;991
Latoya Washington;2015-11-19;86
James Ramirez;1994-11-07;323
David Gonzalez;2022-11-25;374
Diana Bell;1985-05-18;382
Tanner Cortez;1989-02-07;222
Sarah Weeks;1983-03-07;231
Matthew Dillon;1993-01-27;79
Caroline King;2008-08-06;563
Adam Campbell;2010-09-27;760
Lori Sweeney;1997-07-20;924
Suzanne Hoffman;1974-12-11;45
Timothy Garcia;1976-08-15;262
Manuel Coleman;1999-07-14;298
Rebecca West;2006-07-20;63
Jennifer Gilbert;2005-08-27;527
Donna Williams;2017-07-08;621
Brenda Williams;1977-04-04;883
Robert Garcia;1970-07-23;300
Jose Eaton;1978-09-04;208
Dustin Hernandez;2002-09-10;553
Cathy Lopez;2002-05-02;798
Robin Miller;1979-01-18;929
Rebecca Rodriguez MD;1972-09-16;216
Andrew Banks;2009-05-13;398
Michael Garcia;2004-07-07;127
Benjamin Mccarthy;1970-12-26;404
Kirsten Lopez;2008-12-17;848
Samantha Lin;2020-08-20;406
Rachael Booker;1981-06-13;593
Daniel Morales;2010-03-03;756
Heather Walton;1980-03-07;622
Gerald Graham;1997-09-17;446
Meghan Huffman;1973-11-23;305
James Arias;1970-08-25;627
Jennifer Turner;1988-06-11;833
Nicole Herrera;1988-05-09;313
Derrick Adams;1992-07-21;437
Kelly Acosta;2007-02-09;56
James Nelson;1974-01-28;873
Steven Keller;1972-06-27;795
Nicholas Gentry;2014-10-06;676
Jonathan Boyd;1987-04-17;12
Brittany Anderson;1995-10-22;729
Philip Hall;2007-09-24;6
Krista Sullivan;2000-05-20;633
Erin Martinez;1989-09-27;65
Kimberly Jones;1977-01-28;988
Veronica Ryan;1972-04-06;242
Patricia Adams;1997-05-22;447
Donald Cole;2001-05-01;1
Elizabeth Kelly;1990-10-04;807
Jessica Crawford;2012-12-05;39
James Watkins;1997-01-18;547
Judy Reed;2008-06-02;304
Antonio Wang;1971-10-18;156
Sarah Roth;2016-11-03;862
Sean Jenkins;2020-12-15;147
Anna Anderson;2016-05-24;21
Michael Moreno;1990-03-20;68
Mr. Kyle Taylor;2011-08-10;600
Suzanne Jones;1990-12-11;718
Eric Pratt;1979-07-07;100
Holly Murray;2023-01-24;128
Robert Austin;2014-09-23;561
Lindsey Malone;1998-12-23;969
Heather Barajas;2020-08-17;282
Justin Barton;1991-05-24;153
Kathleen Gardner DDS;2013-08-13;188
Karen Hurley;1976-06-28;159
Anthony Abbott;2010-04-06;462
Brian Barnes;2017-02-22;639
Christopher Blevins;1983-06-22;412
Darlene Wells;1997-01-31;393
Tracy Monroe;1970-06-04;68
Angela Conner;1988-09-29;737
Angela Hunter;1973-01-09;231
Timothy Burns;1972-04-07;198
Ricky Hobbs;2018-12-14;674
Michael Conway;1988-09-16;487
Amanda Richardson;1988-02-05;453
Renee Howell;2007-01-31;543
Mrs. Anita Kelly;1985-02-17;831
Faith Cortez;2007-06-10;591
Christina Ross;1977-09-01;629
Mr. Jeffery Mcdonald;2020-02-08;66
John Fry;2005-06-13;582
Ricardo Moore;1973-08-25;266
Mark Lewis Jr.;1982-11-21;20
Kayla Jimenez;2003-04-22;922
Mary Anderson;2011-07-16;154
Fred Turner;2017-05-12;583
Sarah Reynolds;1991-03-13;804
Erica Nguyen;1977-12-16;884
Julia Moses;1995-10-17;217
Mr. Daniel Davis;2012-11-30;831
William Taylor;2010-08-04;51
Brenda Allen;1995-03-21;18
Angela Brooks;2002-01-05;873
Anne Le;2019-03-05;943
Anna Adams;1973-10-12;951
Karla Brown;2020-01-02;246
Megan Cordova;1972-07-18;281
Amanda Figueroa;2000-09-18;281
Tamara Johnson;1994-01-31;30
Timothy Alexander;1994-10-10;591
Margaret Stephens;1982-02-15;918
Courtney Bowman;2005-04-03;11
Robert Brewer;2013-07-08;678
Brady Carson;1995-03-18;229
Maria Bright;1978-07-02;486
Mark Butler;1977-10-26;93
Mathew Martinez;1972-06-09;366
Jasmin Massey;1982-01-03;774
Monica Mcdaniel;1981-12-27;944
Christopher Walker;2012-04-07;224
Gerald Bryan;1985-07-16;982
Wesley Williams;1977-09-08;194
David Thompson;1998-05-09;583
Amanda White;2008-07-08;935
James Peterson;1996-02-06;949
Rachel Flores;2021-11-12;150
John Fisher;2015-12-07;66
Jennifer Costa;1976-01-04;675
Jennifer Jones;1993-08-13;714
James Wilson;1996-10-04;677
Paul Haas;2004-12-16;431
Jordan Jackson;1991-02-18;508
Jacqueline Tran;1979-09-19;240
Michael Tucker;2004-01-02;20
Erica Green;2000-02-06;754
Cody Miller;2022-09-13;78
Ronald Robinson;1981-03-01;405
Kelly Obrien;1992-01-20;90
Stephen Mathews;2003-10-27;378
Johnathan Weeks;1995-02-19;433
Maureen Hernandez;2004-10-23;11
Deborah White;2004-07-27;539
Bryan Garcia;2010-07-03;258
Mary Herrera;2009-06-16;501
Derek Browning;1979-05-26;781
Jacqueline Smith;1987-11-13;374
Michael Wright;2015-07-28;587
Matthew Clayton;2009-06-26;334
Karen Brown;1982-11-27;122
Matthew Patterson;1992-08-04;833
Cheryl Castillo;1976-08-29;955
Ryan King;2005-05-29;248
Eugene Mcguire;2019-10-19;726
Justin Charles;2007-08-04;206
Michelle Black;1983-05-17;282
Jessica Gutierrez;2002-07-22;795
Rachel Beasley;2002-06-29;706
Johnathan Robinson;1979-12-20;885
Laura Ryan;1982-05-26;402
Randy Lee;2012-08-03;917
Mary Garcia;1980-02-05;473
Andrea Nelson;2016-12-19;527
Andrea Phelps;1974-06-16;250
Martin Stokes;2000-07-09;166
Terry Howell;1995-09-27;76
Daniel Davis;1984-05-05;327
Martha Spencer;1980-07-29;962
Jacob Berry;2000-03-31;135
Donna Peterson;2019-03-12;822
Ashley Edwards;2018-05-17;954
Joseph Jimenez;2018-08-30;252
Corey Parks;1993-11-10;943
Amanda Ramos;1997-08-26;983
Jamie Hall;2002-04-08;642
Brandon Simmons;1994-08-18;356
Erin Davis;2010-01-28;775
Connor Moss;1972-05-01;56
Jeffrey Mccormick;1996-03-28;698
Daniel Reeves;1974-06-18;843
Denise Valdez;2007-08-21;579
Aaron Kent;2014-11-30;985
Andrea Berger;2009-02-09;862
James Ferguson;1991-09-23;412
Jill Spence;1989-04-18;321
Blake Mann;2020-09-09;509
Lance Carroll;1980-01-24;502
Melissa Watson;1994-03-02;227
Jennifer Young;1976-03-13;752
Dr. Alyssa Andrews DDS;1986-10-21;333
William Ortega;2004-11-14;459
Wendy Spears;1979-11-23;973
Donald Stewart;2008-03-27;64
William Martinez;2017-10-23;39
Jose Crane;1988-02-21;970
Amanda Garcia;1987-11-05;852
Paul Mcdonald;1971-10-05;778
David Malone;1973-07-19;141
Shirley Rhodes;1995-01-27;340
Matthew Scott;1990-10-04;341
Justin Valdez;2003-05-31;927
Susan Turner;1977-10-21;541
Jessica Farrell;2010-07-26;361
Tanya Bullock;1978-02-24;413
Tina Hardy;1974-03-24;125
Allen Stanley;2004-04-11;926
Savannah Edwards;1997-01-23;943
Melissa Summers;1996-04-20;753
Ryan Moore;2004-03-14;16
Susan Wilson;1991-12-21;369
Steve Best;2019-03-14;258
Jared Reed;1977-03-05;390
Jeanne Choi;1972-01-15;7
William Davis;2015-12-21;481
Leslie Johnson;1986-09-09;817
Matthew Oliver;2005-03-08;508
Dana Ware;2006-04-01;505
Eric Davis;1979-09-25;224
Ashlee Cooper;2022-06-28;770
Jacqueline Johnson;2007-06-08;739
Kimberly Davis;1998-08-10;953
Herbert Nelson;1984-01-19;54
Michael Johnson;1986-01-29;586
Carla Nelson;1990-11-04;234
James Lopez;2000-08-31;161
Robert Anderson;2000-06-21;241
Nathan Whitaker;1984-08-14;251
Larry Cooper;2015-03-11;434
Erica Bailey;1981-03-06;610
Donna Graves;1994-12-07;746
Joseph Pope;2020-09-08;13
Ryan Cobb;2023-07-24;486
Austin Bush;1970-06-25;437
Dr. Johnny Cruz II;2003-08-05;797
Alan Moore;2019-06-14;299
Rebecca Johnson;2017-06-16;328
Thomas Perez;2011-11-15;535
Brian Willis;1977-09-16;471
Mariah Moore;2013-02-05;296
Katherine Moore;1999-08-20;905
Kristen Hodges;1978-01-31;497
Doris Reynolds;2014-05-26;52
Cheryl Bean;1989-05-15;325
Robin Todd;2016-10-08;928
Joshua Mitchell;1998-08-12;192
David Rogers;2005-01-06;804
Gabriela Leach;1993-12-21;737
Thomas Watson;1992-10-20;785
Timothy Phillips;2017-08-30;922
Danny Hess;1997-06-11;819
Frank Wang;2003-09-15;205
Brenda Shea;2023-04-23;999
Amy Ellis;1970-02-04;503
Chelsea Mckinney;2018-12-03;849
Dr. Timothy Thornton;2012-06-02;86
Kayla Sweeney;1985-12-03;107
Brenda Anderson;2009-02-26;666
Lee Williams;1996-09-17;679
Sheila Hutchinson;1977-01-27;91
Sean Smith;2020-10-16;440
Jeffrey Fisher;2018-06-18;145
Rhonda Roberts;1999-09-13;80
Alan White;1970-01-09;260
Stephanie Forbes;1990-04-20;66
Richard Meyer;1989-03-09;294
Heather Jensen;1974-09-23;851
Brenda Schmidt;1980-10-29;669
Kristina Clark;1979-03-12;962
John Ho;1994-07-04;115
Michael Kim;1990-12-01;662
Tyler Murphy;1984-10-27;26
Eric Williams;1975-08-06;769
Kenneth Roberson;2001-06-28;735
James Rhodes;1988-08-18;109
Jessica Harrison;2010-12-31;272
Tamara Medina;2007-10-19;94
Caroline Reese;1987-12-12;368
Misty Ryan;2017-09-08;423
Rebecca Garza;1979-02-02;699
Lisa Richardson;1975-03-10;887
Mark Medina;2016-09-20;323
Robert Riley;2002-10-17;13
Amanda Anderson;1998-05-18;174
Patricia Sutton;1986-04-28;570
John Gray;2023-08-09;802
Sierra Lane;2009-09-06;705
Yvonne Myers;2023-06-12;892
Danielle Campbell;2020-06-03;255
Chelsea Estrada;2018-09-05;181
David Roth;2004-05-01;425
Sheena Lane;2008-11-19;641
Angela Brown;1989-01-20;77
Danielle Black;2015-03-14;773
Emily Torres;2011-06-17;895
Jenna Larson;1989-03-19;614
Joseph Thomas;2010-08-27;174
Tammy Mcintosh;2004-06-21;111
Chad Thomas;1983-10-08;96
Janet Keller;2005-01-25;783
Christine Newman;1992-03-02;46
Justin Jones;1981-09-09;20
Amanda Wheeler;2009-02-10;67
Chelsea Johnson;1973-03-04;317
Benjamin Garza;1982-01-11;897
Daniel Knight;1991-12-08;59
Antonio Sanchez;1972-12-16;120
Adam Burch;1981-04-14;227
Lisa Martinez;2015-09-21;68
Devon Valenzuela;1971-10-10;422
Jennifer Dickerson;1971-06-19;688
Jennifer Lester;2013-05-03;28
Jody Wilson;2011-12-02;438
Devon Pugh;2007-02-21;575
Kyle Ward;1983-09-12;101
Robin Campbell;1970-11-03;718
Joy Wagner;2016-12-01;232
Brian Rodriguez;1997-02-16;748
Kathryn Bridges;2021-06-30;822
Jeffery Nichols Jr.;2015-06-01;727
Amy Cook;1987-11-20;839
Anthony Hendrix;1999-11-22;72
Ricky Salinas;1984-05-15;733
Randy Carter;2010-07-22;609
Kelly Haynes DDS;2002-06-10;247
William Lee;1999-09-21;170
Dana Jones;2005-06-30;179
Don Green;1972-02-02;858
Courtney Keller;2012-11-12;588
Glen Adams;2004-02-26;698
Aaron Wheeler;1999-04-21;614
Rebecca Adams;2016-05-12;218
Hannah Harmon;1997-08-04;496
Andrew Andersen;1980-01-03;946
Amber Barnett;2012-12-01;809
Michael Moore;2004-11-27;538
Jessica Hodge;2022-12-18;885
Donna Wilkins;1991-04-29;50
Joseph Castaneda;1971-07-05;92
Sarah Anderson;1999-07-15;924
Kimberly Gregory;1980-08-14;759
Zachary Higgins;2004-05-12;583
Tina Williams;2001-11-11;734
Lisa Anderson;1976-09-14;755
Lawrence Greer;1985-05-13;376
Joshua Barry;2002-11-27;197
Christopher Branch;2018-03-03;908
Patty Marks;2022-03-31;669
Anthony Peterson;2012-12-28;783
David Baker;1994-01-06;793
Claudia Sanchez;2002-08-31;886
Richard Wilson III;1988-08-12;942
Ashley Cox;2000-12-12;146
David Nguyen;1980-02-09;825
Christina Olson;1988-11-18;258
Anthony Murphy;2014-08-05;411
Micheal Kaiser;2000-09-12;424
Alexander Meyers;2019-09-11;110
Karen Jones;2019-02-11;979
Jennifer Hill;1984-08-03;121
Amy Carroll;2000-08-23;401
Larry Dean DVM;1981-02-06;185
Manuel Wright;2012-04-03;58
Amber Hernandez;1970-11-29;492
Micheal Gutierrez;2004-02-02;974
Kelli Browning;2005-07-06;687
Donald Roth;1970-04-22;181
Kimberly Hurst DDS;2008-10-25;904
Brittany Moore;1986-05-03;873
Duane Flores;1987-03-27;954
Dr. Lisa Austin DDS;2013-02-19;714
Clifford Mcdonald;1982-12-30;110
Susan Obrien;2012-11-17;461
Roy Torres;2007-02-18;434
Kimberly Jordan;1992-01-13;938
Joseph Ortiz;1999-02-19;63
Jason Hernandez;1981-03-18;50
William Craig DVM;2017-05-23;76
Joshua Hall;2021-09-24;917
James Mccarty;1974-10-13;327
Lindsay Wilson;1974-12-04;955
Johnny Rodriguez;1997-02-05;810
Heather Cordova;2018-05-14;93
Cynthia Wilson;1987-10-07;447
Margaret Turner;2001-02-22;790
Patricia Davis;2023-09-14;264
Melanie Vega;2000-03-28;519
Michael Cameron;1982-04-01;737
Benjamin Huber;2019-08-22;578
Jessica Lee;2006-08-22;315
Zachary Wright;1974-07-13;586
Natalie Wilson;1996-09-28;1
Tina Porter;1986-08-26;510
Laura Thomas;2021-01-28;864
Tanya Pierce;1972-09-01;805
Julia Sanchez;2012-11-14;721
Kevin Garcia;2004-09-21;759
Janice Thomas;2006-10-03;942
William Sims;1982-11-24;583
Pamela Campbell;2006-02-19;827
Brenda Wall;1993-02-06;686
Teresa Stein;1971-11-12;955
Sharon Spencer;1974-10-23;426
Olivia Anderson;1997-06-12;592
Travis Jones;2016-07-29;302
Michael Franklin;2018-10-24;496
Christopher Morgan;1993-01-27;975
Herbert Perry;2012-02-23;64
Jason Marshall Jr.;1994-12-03;904
William Hernandez;2023-02-06;217
Christopher Wilson;1985-09-02;295
Jason Brown;1971-02-03;842
Erik Snyder;2011-04-16;936
Rebecca Anderson;1974-03-14;311
Emma Bender;1978-07-29;517
Dennis Hawkins;2010-04-09;987
Jasmine Fisher;1992-01-16;867
Laura Peterson;2013-10-29;218
Juan Mccann;2006-08-19;782
David Palmer;2003-02-20;397
Lauren Jenkins;1997-11-21;200
Sharon Barnes;2001-01-22;931
Brooke Nielsen PhD;1978-11-16;921
Theresa Burns;1980-03-30;742
David Garcia;2002-02-18;243
Kevin Farley;2011-11-02;335
Jared Jones;2003-09-01;768
Derrick Brown;1972-02-28;371
Bryan Reed;2007-11-03;250
Larry Parks;2004-01-12;884
Ryan Kelley;1978-06-15;946
Sean Green;2014-07-17;463
Kyle Stanley;1995-11-11;940
Cheryl Burton;1984-07-13;79
Isaiah Bush;1970-04-18;259
Joshua Wright;1987-09-29;43
Ronald Johnson;1974-04-29;813
Aaron Mclean;2019-02-18;543
Patrick Hill DDS;1994-09-27;335
Jade Sampson;2003-07-26;799
Amy Brown;1992-11-03;180
Tyler Owens;2006-09-08;338
Shaun Hicks MD;2013-03-22;739
David Rivera;1971-06-07;594
Susan French;1986-04-02;273
Elizabeth Flores;1996-12-25;161
Valerie Torres;2013-02-18;312
Kyle Marquez;2015-09-19;463
Patricia Wilson;1976-09-15;403
Alexandria Goodwin;2014-01-08;566
James Leblanc;2023-01-03;537
Travis Douglas;2009-03-03;58
Christine Walker;1988-03-19;431
Lauren Dickson;1996-05-02;0
James Rios;1991-07-09;959
Ryan Spears;1997-07-17;724
David Hampton;2019-07-11;177
Douglas Sanchez;2010-03-07;88
Jessica Tate;1975-08-20;903
Patricia Willis;2009-08-25;681
Jeffrey Oneill;2014-01-17;631
David Edwards;2004-12-30;303
Kristen Vazquez;1977-11-30;313
Joe Gardner;1992-12-12;786
Kara Wall;2005-05-08;389
Madison Chandler;1983-07-30;505
Angelica Hernandez;2022-05-23;225
Misty Welch;2017-05-05;743
Kelly Jefferson;1998-10-01;782
Monique Anderson;1990-01-26;829
Joseph Walker;1974-12-20;596
Shannon Hull;2022-02-20;368
Thomas Lopez;1986-07-19;653
Johnathan Medina;2019-01-03;615
Max Lopez;1983-01-12;726
Cynthia Bond;2014-10-28;466
Julia Contreras;2010-07-07;620
Kimberly Phillips;1998-10-20;976
Gerald Hardin;1999-03-17;993
Troy Mclaughlin;1976-08-23;180
Felicia Parsons;1981-06-14;42
David Marshall;1990-02-17;122
Alexandria Ortiz;1983-08-24;974
Patricia Stone;2004-04-17;638
Tracy Wang;1977-09-13;124
Veronica Fox;2014-01-06;818
Jerome Mckinney;2020-05-16;350
Jennifer Marshall;2007-12-16;688
Elizabeth Sharp;1993-09-18;243
Jerry Burgess;2010-12-04;178
Monica Harrison;2005-02-27;593
Cameron Sims;2002-03-02;129
Larry Howard;1998-12-19;622
Theresa Gibbs;1992-06-14;419
Amber Scott;1972-12-05;885
Robert Perry;1981-03-21;677
Kathy Ray;2008-07-01;855
Krista Thompson MD;2018-12-27;739
Joseph Wood;2021-08-11;638
David Ingram;1984-01-24;582
Jaime Griffin;1980-11-05;188
Sarah Johnson;1983-01-03;432
Alexandra Smith;2009-03-04;912
Christina Martinez;1986-01-14;486
Johnny Lozano;1991-04-29;695
Lauren Zimmerman;2022-07-06;514
Larry Wise;1981-05-25;900
Angel Lee;2007-04-16;49
Mary White;2004-08-18;732
Kyle Mitchell;2004-08-24;331
Anthony Lee;1975-08-20;9
Kimberly Espinoza MD;1977-03-03;465
William Martin;1997-06-17;283
Patrick Riley;1999-03-14;152
Dr. Tara Osborne;1991-08-25;589
Wanda Casey;2012-01-23;8
Jose Duran;2000-09-26;709
Virginia Anderson;2018-01-06;114
Mary Andrews;1977-01-30;839
Eric Cox;1996-02-02;653
Sara Coleman;1986-11-19;169
Kenneth Miller;2008-01-04;79
Michael Johnson;2014-01-29;555
James Chan;2016-11-15;877
Anne Torres;2000-09-15;691
Alexandria Andrews;2003-04-26;524
Frank Hawkins;1993-12-18;23
Ronald Lee;1976-06-08;241
Stephanie Jacobs;2006-07-07;250
Ashley Rice;1990-12-20;211
Anthony Mendoza;1970-01-20;154
Cynthia Miller MD;1986-02-06;616
Wayne Mckay;1996-09-21;748
Matthew Bond;1981-04-07;489
Mark Henderson;1979-10-27;464
Jordan Leach;1970-10-07;432
Jerry Conley;2006-07-11;239
Caleb Munoz;2001-12-15;154
Jesse Morgan;1993-07-15;79
Michael Lane;1976-08-03;258
Robert Howe;1990-03-25;751
Michael Donaldson;1981-12-08;830
Brent Johns;1994-11-16;889
Tyler Barnett;1984-05-03;991
Christopher Conner;2011-01-24;142
Olivia Joseph;1974-08-22;22
Herbert Smith;2016-05-28;805
Jessica Carter;2019-05-19;983
Michelle Jones;2012-05-12;312
Tyler Phelps;1996-12-05;78
Michael Long;2014-04-21;374
Mr. Patrick Salinas;2010-05-09;673
Ronald Wilson;1980-11-25;77
Melissa Stevens PhD;1974-09-23;688
Patricia Thomas;2016-06-10;466
Lisa Davis;1998-06-07;633
Melanie Livingston;1998-07-14;47
Heather Pope DDS;1988-02-12;589
Brooke Reynolds;2011-06-12;422
Kathleen Molina;2000-10-19;954
Catherine Brown;2020-11-24;862
Stephanie Scott;1974-07-11;149
Amanda Anderson;1990-04-30;835
Eric Fisher;2019-04-03;145
Eric Bradley;1983-06-12;379
Jennifer Fernandez;2023-02-01;68
Tiffany Fox;1989-11-07;49
Joshua Obrien;1995-07-18;974
Karl Ponce;2020-06-10;582
Susan Cox;2023-05-08;870
Stephen Webster;1993-10-23;75
Paul Walters;2013-01-01;174
Tanya Bowman;1975-03-25;475
Loretta Hall;1988-02-23;199
Eric Brooks;2008-12-07;425
Lucas Daniels;1996-11-19;578
Jennifer Colon;1979-06-04;881
Michael Owens;1973-01-04;448
Robin Hill;1991-09-02;772
Nicholas Cole;2021-12-01;725
Brandi Smith;1977-02-22;178
Debbie Powell;1993-06-05;976
Joseph Guerra;1997-11-30;439
William Graves;1984-12-22;28
Cynthia Wilson;2015-01-30;247
Monica Edwards;1970-02-13;646
Christy Molina;1997-09-07;730
Raymond Wilson;1999-02-24;291
Benjamin Robertson;2010-05-08;757
Christopher Anderson;1978-07-25;573
Morgan Perez;1989-01-04;396
Aaron Burton;1988-07-27;271
Daniel Ramos;2014-04-22;682
Mrs. Emily Cannon;2014-11-26;8
Kenneth Beard;2007-03-17;50
Megan Banks;2003-09-24;867
Kimberly Williams;1985-12-04;445
Bruce Sawyer;2011-09-30;849
Paul Goodman;1993-02-25;3
Colton Thompson;2008-11-10;277
Jeremy Jones;1998-12-14;756
Jared Phillips;2010-12-19;542
Brandon Miller;1994-05-09;951
David Whitaker;1970-11-25;396
Bryan Clark;2015-04-24;614
Nichole Neal;1992-09-02;429
Tanya Mccarty;1975-03-07;967
Mr. Jeffery White;1984-05-16;63
Ricardo Bailey;1998-10-30;332
Pamela Montes;1982-11-29;420
Ricky White;1977-03-17;64
Preston Scott;2023-03-20;456
Richard Hughes;2010-08-14;19
Amy Harrison;2023-05-16;758
Tim Davis;1973-05-01;886
Cynthia Reed;1985-04-17;265
Valerie Nelson;2012-08-28;13
Luis Kelly;1997-09-01;908
Jeffrey Smith;2023-06-16;80
Michelle Proctor;1986-08-06;804
Terry Wilkerson;1978-10-04;943
Michael Berry;2017-12-05;769
Cindy Williams;2000-01-16;980
Ryan Sparks;1996-02-29;8
Antonio Watson;2002-09-02;245
Richard Melton;2014-07-01;237
Mary Valdez;2014-06-07;147
Kurt Jenkins;2007-12-23;523
Holly Rodriguez;2023-06-29;684
Kathy Smith;1974-06-16;173
Dr. Nicole Kaufman;2020-04-02;811
Robin Rios;1987-12-25;701
Edward Carroll DDS;2008-11-27;890
Michael Mclaughlin;2009-06-01;558
Charles Miller;2017-12-14;830
Valerie Jenkins;1992-06-12;345
Clayton Carey;1973-12-09;713
Danny Sutton PhD;2002-09-17;469
Justin Guerrero;1977-11-15;532
Wyatt Stephens;1990-08-18;635
Carlos Torres;1994-10-27;105
Brian Ortiz;2005-12-16;46
Carrie Little;2021-10-09;415
Tracy Snyder;1997-05-04;138
Gregory Adkins;2002-09-17;739
Gerald Butler;1977-11-01;733
Megan Brown;1989-04-01;65
Gregory Mitchell;1990-11-04;69
Barbara Bender;1991-10-01;937
Katherine Tucker;1993-04-20;706
John Meyers;1982-11-02;936
Heather Price;2010-01-02;841
Jill Browning;1991-05-11;30
Cassandra Rodriguez;1993-01-22;389
William Schwartz;2002-05-01;255
Mr. Jeremiah Keller;2005-02-04;502
Joseph Phillips;1980-03-04;638
Stephanie Holt;1988-06-08;107
Anthony Hill;1990-07-07;1000
Jennifer Macias;1973-07-08;693
Amanda Wong;2011-09-10;804
Sandra Smith;1998-05-16;372
Caroline Andrews;1995-10-21;523
Margaret Thomas;1970-04-18;623
Diane Robbins;1977-12-11;505
Joy Johnson;1976-12-09;604
Tanya Rivera;1998-08-06;696
Samuel Morris;2003-02-26;308
Anthony Holloway;2001-03-26;361
Karen Jimenez;1974-04-04;872
Calvin Brown;1996-05-06;308
Jesus Johnson;2000-06-10;956
Shawn Stephens;1989-04-14;985
Michaela Woods;1988-08-02;47
Laura Dunn;1974-05-30;606
Daniel Cain;1996-08-13;154
Robert Olsen;1979-07-18;796
Jeffery Randall;2009-09-23;349
Elizabeth Fleming;1986-06-26;404
Karina Crawford;2018-08-23;309
Kristin George;2010-09-14;987
Shane Fischer;2005-07-21;763
Sandra Farrell;2004-08-22;313
Sharon Smith;2008-11-01;619
Andrea Olson;2008-08-01;48
Angela Ramsey;2022-06-28;700
Marcus Hernandez;1991-03-03;191
Michael Dean;1974-06-01;562
Andrea Chambers;2013-12-29;934
Kelly Campbell;2010-01-08;879
Emily Wise;1995-04-15;515
Jeffrey Waters;2014-03-21;980
Christopher Stanley;1993-10-14;774
Jennifer Kim;2019-02-08;83
Melissa Barnes;1970-11-01;52
John Rodriguez;1970-09-02;931
Todd Henry;1991-02-17;542
David Lewis;1979-10-02;84
Adam Thomas;2010-08-23;810
Jorge Reyes;1988-01-08;382
Andrew Byrd;1972-10-12;788
Holly Castillo;1970-04-03;808
Adam Torres;2001-06-17;735
Garrett Moore;2016-11-09;157
Paul Lee;1975-10-23;708
Joshua Rivera;1994-03-16;328
Denise Nelson;1971-10-18;674
William Ayala;2002-05-13;168
Kaylee Brown;2017-02-15;84
Alfred Barnes;1985-11-27;258
Sharon Bray;1998-08-01;529
Lawrence Ward;2010-01-12;753
Rebecca Jacobson;2007-09-23;66
Ana Lee;1973-03-24;85
Karen Sims;1978-09-25;3
Roberta Miller;1971-07-26;55
Donna Sutton;1987-01-12;816
Jimmy Williams;1987-06-07;428
Alexander Hamilton;1976-10-19;273
Gabriel Diaz;1974-06-10;233
John Johnson;2010-06-04;216
Matthew Silva;1976-11-06;870
Harold Weeks;1985-06-30;150
James Hines;2001-01-17;349
Timothy House;1985-11-29;545
Mr. Christopher Duran;2002-09-08;881
Angela Long;2021-09-14;883
Leonard Nelson;1980-12-29;949
Sophia Estrada;1998-07-09;203
Nancy Stevens;2018-12-10;18
Sean Gill;2019-05-11;351
Adrian Allen;1981-02-21;681
James Johnson;1987-03-26;373
Michael Guerra;1991-02-23;233
Travis Crawford;2002-11-18;215
Tamara Lee;1973-04-06;237
Sara Flynn;2001-04-08;439
Angela Johnson;2006-06-15;408
Tiffany Tate;2015-01-28;700
Jody Orozco;1973-07-21;360
Harry Jimenez;2016-08-18;846
Tony Hall;1970-04-09;690
Elizabeth Martin;1999-08-30;327
Sarah Cardenas;1999-01-29;601
Jacqueline Young;1985-07-17;527
Darius Valentine;1990-11-15;922
Paula Martinez;1979-09-28;67
Jose Stout;2023-06-20;565
Matthew Allen;1973-01-12;446
David Diaz;1986-02-11;280
Mrs. Nicole Gonzalez;2020-10-01;969
Ana Shannon;1987-03-28;458
Gina Ramirez;2020-01-28;368
William Jones DDS;2003-03-26;393
Christine Collins;2013-05-17;895
Katherine Owens;2005-07-08;989
John Aguirre;1981-04-29;336
Nicholas Day;1973-03-20;800
Danny Gilbert;2019-04-15;181
Shannon Daniels;2000-09-26;825
Jason Horton;2001-03-16;593
Molly Tapia;2010-06-08;323
Karen Lawson;2005-11-05;175
Steve Neal;1992-03-01;264
Joseph Garrison;2014-09-29;629
Janice Frye MD;1991-01-28;288
Taylor Rojas;1996-10-11;342
Daniel Kerr;1999-07-14;232
Angela Lee;1983-12-08;305
Valerie Daugherty;2016-09-19;748
Nichole Elliott;2004-01-17;689
Mary Robertson;1986-03-26;368
Adam Henson;1973-11-09;921
Paul Miller;2021-09-16;862
Christine Brewer;1980-09-24;828
Kayla Duran;1993-08-01;1000
Karen Powell;2002-08-28;939
Ashley Galvan;2009-10-09;855
Mary Robles;2019-02-14;65
Kim Hall;1984-08-01;632
Alyssa Blackburn;1987-01-15;118
Carl Jacobs;2009-07-28;834
Sophia Scott;2003-09-14;148
Wanda Reyes;2011-12-11;312
Aaron Mccarty;2021-10-17;484
Nicholas Vance;1994-05-22;762
Michael Clark;2014-05-23;785
Natalie Rogers;1996-01-23;563
Betty Davis;1976-10-20;626
Sabrina Smith;2004-11-29;25
Sheila Barnes;2003-12-21;407
Casey Guzman;1988-07-17;686
Janet Greene;1987-01-15;871
Michelle Green;1977-06-04;781
Jaclyn Baker;2009-03-20;3
Barbara Taylor;2017-03-31;537
Brian Williams;2003-04-16;882
Katherine Fox;2017-06-25;803
William Villegas;1972-04-06;733
Matthew Williamson;2020-03-01;499
Stacy Cortez;1979-07-27;916
Yesenia Carson;2008-06-13;502
Brent Brock;2016-03-06;308
Frank Frederick;1992-03-11;913
Daniel Carter;1996-01-01;808
Jonathan Miller;1977-02-23;63
Timothy Perry;1975-07-10;263
Darren Gonzalez;2021-04-22;85
Jeffery Bailey;2005-03-03;177
Daniel Meadows;1982-10-02;498
Caleb Miller;1986-10-30;471
Zachary Wright;2003-04-23;411
Lisa Bauer;1989-05-01;67
James Mccall;2013-04-19;916
Ryan Miller;2017-07-14;764
Shawn Erickson;2020-12-25;636
Harry Greene;1985-02-14;219
Bryan Edwards;2019-11-17;211
Michael Alvarez;2019-08-31;675
Nancy Galvan;1995-02-04;231
Krista Hines;2008-08-11;368
Amber Tran;1980-06-10;384
Emily Swanson;1975-04-11;917
Dustin Green;2017-05-02;317
Cynthia Jackson;2022-05-26;435
Victoria Anderson;2004-10-08;52
Gregory Lyons;2007-11-15;839
Mark Williamson;1973-10-31;330
Caroline Love;2019-12-13;443
Samantha Swanson;2014-10-16;364
Michael Hill;2012-04-18;33
Jeffrey Payne;2020-10-15;401
Andrew Wheeler;1974-06-16;409
Robert Singleton;2019-04-15;394
Roy Wilson;1971-06-01;540
Eric Miller;2004-09-04;874
Stephanie Wolfe;1989-07-12;2
Wendy Thompson;1978-03-12;789
Melissa Sanchez;2012-08-21;741
Christopher Smith;1995-12-28;557
Ellen Hughes;1990-08-05;634
Monique Thompson;2020-01-28;919
Adam Yoder;1990-09-24;726
Jason Khan;1993-04-25;207
Brian Davenport;1970-12-21;388
Marilyn Murphy;2004-12-07;55
Angela Williams;1997-11-01;845
Taylor Baker;1979-11-25;27
Mary Moore MD;1978-06-12;948
Johnny Phillips;2001-04-03;533
William Johnson;1998-11-19;403
Brian Richard;2022-08-06;706
Bradley Castillo;2012-02-11;177
Paul Donovan;1986-08-19;799
Antonio Barnes;2001-12-29;799
Melinda Bradley;1970-06-21;0
Renee Patton;2008-11-09;23
Jeff Moreno;1973-12-23;197
Grant Sexton;1993-07-30;779
Monica Mills;1998-04-25;858
Erica Owen;2016-07-14;696
Susan Taylor;2014-05-13;911
Kevin Curtis;1971-06-14;172
Angela Andrade;1981-08-07;564
Mr. Charles Andrews;2018-05-11;325
Grace Oconnell;1996-10-16;784
Laurie Bailey;2002-11-28;534
Dustin Nguyen;1980-01-08;456
Lauren Pope;2012-01-04;85
Scott Flores;2021-01-02;36
Kim Blair;2023-06-14;767
Shelly Mcclure;1983-06-30;49
Nicholas Bishop;1976-01-23;634
Erin Mullins;1971-04-23;930
David Lopez;2001-08-07;395
Brittney Duran;2011-12-31;916
Jaime Wade;1982-01-05;204
Maria Tanner;2011-08-07;918
Crystal Johnson;2023-06-21;643
Jessica Goodman;1973-04-29;529
Melinda Mullins;1998-05-19;234
Michelle French;2004-01-28;306
Miss Olivia Cruz;2015-01-01;578
Jonathan Reyes;2003-05-29;792
Kevin Harrison;1992-02-07;276
Sydney Sims;1989-04-12;1
Justin Keller;2006-04-13;145
Meagan Hernandez;1978-01-12;145
Michael Moody;2021-12-26;615
