Ashley Brown;seat;0;1981-05-17
Ashley Thomas;recently;1;2008-04-27
Anita Harrison;behavior;2;2003-06-26
Anita Roberson;ground;3;2023-05-08
Karen Cunningham;model;4;1997-09-27
Kimberly Olson;risk;5;1988-12-13
Jason Wilson;on;6;1995-06-05
Julie Jones;situation;7;1973-05-08
David Garcia;late;8;2012-09-30
Selena Macias;shake;9;1971-04-12
Tommy Murphy;represent;10;1974-07-09
Michael Wilson;rock;11;1976-10-31
Adam Summers;front;12;1979-07-16
Keith Gillespie;small;13;2002-03-11
Ana Serrano;country;14;1982-03-13
Jose Avery;yet;15;1973-04-02
Caroline Jones;may;16;2022-09-29
Timothy Marshall;road;17;2014-03-31
Kenneth Smith;sound;18;1974-09-15
Kim Avery;beyond;19;2015-03-27
Maxwell Thomas;receive;20;1996-03-07
Jasmine Clay;would;21;2008-03-18
Rachel Cobb;tax;22;2017-08-21
James Price;direction;23;1970-02-07
John Brown;take;24;2017-06-16
Brian Holloway;hard;25;1976-12-05
Elizabeth Wilson;kind;26;1999-04-13
Gina Wood;full;27;1982-12-09
Katherine Martin;debate;28;2011-04-30
Jordan Page;key;29;1985-03-18
Mark Anthony;camera;30;1998-01-12
Victoria Munoz;daughter;31;1993-01-19
Roger Matthews;firm;32;2020-03-14
Julie Fisher;affect;33;2014-01-02
Timothy Flynn;with;34;1998-07-13
Kristen Farmer;oil;35;2006-12-06
Christine Walton;rate;36;2019-04-18
Morgan Clayton;trade;37;2004-11-09
William Lucas;necessary;38;2018-12-09
Adrian Carey;authority;39;2004-03-28
Samuel Thompson;yes;40;2008-04-16
Jack Gonzalez;red;41;1989-01-13
Jonathan Nguyen;kind;42;1973-03-25
Kimberly Taylor;good;43;1987-01-26
Jordan Rodriguez;strong;44;2018-12-26
Karen Robinson;money;45;1980-07-31
Daryl Chavez;treat;46;1976-05-10
Nancy David;everyone;47;1998-11-18
Michael Bryant;wear;48;1987-01-24
David Hooper;thus;49;1976-04-26
Anthony Branch;southern;50;1984-05-11
Sara Meyer;get;51;1982-04-17
Heather Salazar;yet;52;1985-09-16
Phillip Welch;draw;53;2000-03-09
Lori Shaw;run;54;2023-06-17
Victoria Smith;range;55;1975-05-09
Joshua Ramirez;black;56;2017-02-26
Leah Wallace;little;57;1992-02-21
Leslie Baldwin;morning;58;1994-04-29
Terry Patton;bring;59;2008-09-12
Michele Hall;thought;60;1988-06-12
Morgan Steele;clearly;61;2018-10-09
Suzanne Stevenson;call;62;1977-03-15
Allison Simmons;career;63;1992-06-04
Carla Odom;stuff;64;1992-03-19
Justin Carroll;on;65;1996-06-05
Michael Carpenter;know;66;1973-02-20
Leah Buck;same;67;1981-01-10
Katie Evans;age;68;2014-08-06
Vernon Hunt;analysis;69;1994-12-28
Jesse Webster;seat;70;1993-02-18
Charles Oconnor;land;71;2015-07-05
April Ellis;affect;72;2009-03-05
Becky Meadows;name;73;1977-09-26
Frederick Banks;total;74;2015-01-19
Lauren Gamble;according;75;1991-02-26
Kimberly Fitzgerald;no;76;1983-08-10
Megan Haley;join;77;2011-07-19
Joseph Lee;subject;78;1989-10-26
Amber Mueller;car;79;2010-02-12
William Powell;door;80;1973-10-27
Alexander Williamson;writer;81;1994-04-19
Melissa Mccoy;movement;82;1990-08-12
Dr. Leslie Miller;newspaper;83;2002-02-02
Wendy Taylor;term;84;2017-07-09
Justin King;general;85;2006-04-20
Shawn Dixon;project;86;1993-02-21
Kayla Silva;executive;87;1972-05-30
Ryan Bowman;game;88;1993-06-09
John Hines;since;89;1985-02-09
Shannon Craig;statement;90;1971-09-02
Casey Liu;appear;91;1986-05-07
Troy Hayden;player;92;1993-06-11
Nancy Ford;among;93;2015-02-21
April Martinez;use;94;1989-02-28
Elizabeth Jackson;stand;95;2009-04-20
Raymond Walker;line;96;1970-10-24
Jessica Williams;example;97;1979-02-01
Taylor Richard;wife;98;1979-02-13
Dakota Bentley;center;99;1975-12-09
Randy Gomez;speak;100;2018-08-07
Maria Bush;bad;101;2011-09-11
Harry Ortiz;gas;102;2008-08-18
Austin Owen;write;103;2011-10-15
David West;side;104;1987-02-02
Antonio Cox;art;105;2020-04-20
Patrick Steele;through;106;2004-10-25
Francis Ramsey;soon;107;2021-06-26
Kayla Roberts;base;108;2009-06-26
Chase Rollins;born;109;2023-01-28
Peter Davila;pass;110;1995-04-04
Jacqueline Woods;somebody;111;2005-08-06
Michael Adams;run;112;1975-09-15
Jonathan Terry;clear;113;1983-05-09
Nancy Smith;American;114;1983-01-03
Nancy Williamson;public;115;1989-01-08
Pamela Copeland;film;116;1982-05-12
Dana Farmer;positive;117;1986-03-05
Brandy Anderson;market;118;2015-11-17
Annette Frazier;issue;119;2010-11-05
Meredith Clark;serve;120;2011-07-16
William Gomez;from;121;2003-12-11
Kimberly Nelson;ago;122;1995-06-01
Samuel Ward;sea;123;1986-05-05
Travis Larson;leader;124;1998-04-06
Laura Johnson;hotel;125;1995-06-23
Aaron Smith;will;126;2009-06-12
Mrs. Barbara Hall MD;strategy;127;2019-02-21
Christopher Perez;sometimes;128;1984-05-16
John Howell PhD;respond;129;2013-01-18
Michael Ware;painting;130;2009-11-13
Kevin Jones;husband;131;1985-07-05
Debra Martinez;president;132;2023-05-21
Lisa Foster;TV;133;2014-11-29
Jesus Tanner;minute;134;1987-01-01
Leslie Ramirez;subject;135;1979-02-14
Joshua Young;occur;136;1982-11-03
Melvin Chambers;image;137;1972-12-11
Dustin Parks;now;138;1975-08-29
Heather Lee;trial;139;2007-12-20
Alexander Lyons;class;140;1975-09-29
Melinda Hansen;season;141;2021-01-18
Jennifer Garner;build;142;1991-05-21
Richard Howe;simply;143;1998-12-10
Erica Hill;meet;144;1992-05-23
Marisa Guerrero;test;145;2017-07-08
Sheri Luna;cell;146;1978-09-15
Angelica Robinson;drop;147;1991-04-05
Nicholas Coleman;high;148;2005-12-29
Rachel Hudson;today;149;1978-12-28
Jeff Mathews;sound;150;2014-05-28
Robert Terry Jr.;realize;151;2011-07-24
Ashley Harrington;call;152;1971-07-18
Keith Horton;risk;153;2016-04-22
James Jackson;defense;154;1970-04-05
Jacob Wright;field;155;1991-08-30
George Everett;under;156;1989-10-07
Michelle Nunez;idea;157;2004-02-05
Vanessa Lane;sense;158;1975-12-28
Kyle Perez;turn;159;1983-02-07
Teresa Brown;evening;160;2007-02-16
Anthony Gregory;write;161;2006-09-06
Dr. Jordan Campbell;career;162;1978-07-18
David Simpson;ability;163;2004-11-01
Angela Evans;mention;164;1997-11-16
Jean Nelson;only;165;1983-03-18
Michael Adkins;country;166;2011-01-24
Robert Wright;including;167;1993-05-26
Lindsey Rodriguez;knowledge;168;2021-03-20
Chelsey Silva;study;169;1976-01-18
Paula Harmon;despite;170;1986-08-03
William Gordon;six;171;1997-05-29
Jessica Franco;responsibility;172;1998-07-26
Alan Miller;standard;173;2011-08-08
Gabriel Peterson;message;174;1978-05-18
Ellen West;opportunity;175;2003-07-08
Christine Hayes;law;176;2007-02-14
Danielle Wilson;medical;177;2005-06-15
Mark Herman;cultural;178;2009-05-01
Amy Morris;food;179;1992-10-04
Andrew Rodriguez;near;180;1983-10-27
Shelby Burke;money;181;1986-06-09
Morgan Gonzales;grow;182;2019-08-09
Jeffrey Stafford;green;183;2000-08-01
Melissa Estes;Mr;184;2005-11-29
Barbara Davenport;suggest;185;1975-05-19
Jaime Nelson;interesting;186;1972-11-14
Troy Nguyen;include;187;1984-08-21
Benjamin Brown;scientist;188;2011-08-22
Lisa Nelson;sometimes;189;2005-12-09
Joseph Flores;such;190;1974-07-13
Nicholas Stewart;yard;191;1990-09-09
Amanda Thompson;prove;192;1970-06-24
Debbie Brown;suffer;193;1994-01-26
Sarah Randall;training;194;1995-05-28
Chad Fitzgerald;trade;195;1998-03-13
Laura Miller;degree;196;2017-12-13
Cynthia Mullen;bag;197;1996-11-13
Albert Mcdonald;different;198;1983-03-18
Sabrina Sampson;loss;199;2001-09-17
Sandra Lopez;single;200;1983-12-17
Lauren Williams;yeah;201;2007-07-17
Kyle Warner;wide;202;2019-06-07
Samantha Bell;evening;203;2005-07-07
Jesus Rodriguez;against;204;1973-11-10
Laura Crane;actually;205;1984-06-11
Samuel Luna;plan;206;2016-09-23
Susan Meyers;cost;207;1974-08-01
Maria Patton;away;208;2018-04-25
Stacey Mcmillan;new;209;1991-07-30
Lindsey Flores DVM;task;210;1990-03-28
Cindy Santiago;down;211;1985-02-09
Crystal Hanson;discover;212;1989-11-21
Alex Fischer;present;213;2019-02-27
Dr. Matthew Gordon MD;decade;214;1970-02-25
Amber Nguyen;national;215;2016-06-04
Mr. Evan Hays;sometimes;216;2007-04-04
Caleb Hale;college;217;2010-05-09
Corey Flores;point;218;2004-08-19
Amy White;stop;219;2017-06-12
Carmen Carr;brother;220;2008-08-27
Brandon Diaz;wear;221;1992-11-29
Victoria Grant;across;222;2004-03-02
Jodi Charles;then;223;1970-01-22
Cynthia Curry;ability;224;1994-10-04
Stanley Terry;executive;225;1975-09-29
Katherine Bray;third;226;2012-05-23
Jason Douglas;very;227;2011-07-03
Maria Molina;PM;228;2001-12-05
Hector Jimenez;live;229;1982-09-27
Jessica Watson;list;230;1991-06-06
Timothy Armstrong MD;later;231;1991-05-12
Eric Garrett;matter;232;2007-09-20
Donald Peterson;turn;233;2020-12-05
David Tanner;college;234;2014-08-28
Ashley Morales;from;235;1985-11-07
Kimberly Rodriguez;example;236;2012-10-03
William Warren;everything;237;2021-05-10
Scott Mooney;situation;238;2011-06-21
Crystal Thomas;entire;239;1975-07-21
Lisa Jacobs;raise;240;1993-09-15
Sandra Lara;project;241;1991-12-16
Eric Delgado;play;242;2014-02-21
Holly Brown;easy;243;2011-06-09
Kathryn Jimenez;office;244;2019-12-25
Heather Martin;show;245;1993-05-16
Beth Miller;action;246;1985-09-24
Lori Rodriguez;magazine;247;1981-05-25
Jennifer Mitchell;by;248;2020-12-02
Leslie Cox;crime;249;1972-10-29
Martin Ortega;back;250;2020-01-01
Jacqueline Santana;guy;251;1988-09-13
Jessica White;yet;252;2005-05-08
Debra Howard;democratic;253;2004-12-19
Nicole Johnston;image;254;2016-06-24
Julia Harvey;only;255;1978-10-20
Nicole Blackburn;suddenly;256;2001-12-19
Lisa Morris;fire;257;1974-03-23
Hailey Miranda;some;258;2008-07-18
Frank Floyd;news;259;1979-12-04
Mr. Chad Stone;like;260;1993-05-29
Heather Wilson;smile;261;2002-05-27
Walter Patrick;owner;262;2021-06-30
Tina Elliott;family;263;2022-12-10
Amanda Wang;base;264;1985-11-10
Scott Jimenez;different;265;1978-03-04
Michael Lam;develop;266;2019-11-11
Corey Stout;something;267;1971-10-11
Janice Nolan;American;268;2002-08-03
Morgan Ponce;moment;269;2012-05-28
Natalie Gomez;common;270;1971-04-15
Steven Smith;skin;271;1976-07-16
Alex Mclaughlin;talk;272;1980-01-11
Terri Farrell;wonder;273;2005-06-26
Russell Parker;early;274;1980-11-20
Mr. Chad Davis;your;275;2018-02-12
Robert Caldwell;player;276;2023-06-25
Christina Moore;pick;277;1983-12-17
Sara Joyce;stage;278;2012-10-09
Jeffery Pierce;purpose;279;2004-06-25
Jeffrey Martin;action;280;2020-04-06
Michelle Andrews;hit;281;2021-11-05
Fred Coffey;yard;282;1976-09-02
Barbara Torres DDS;effect;283;2002-10-05
Jacob Lucas;east;284;2017-04-01
Amber Smith;role;285;1990-03-01
Stephen Williams;adult;286;2018-03-22
Candice Anderson;child;287;1979-06-23
Joseph Robbins;value;288;1988-09-23
Linda Price;feel;289;1997-06-06
Jacob Fisher;everyone;290;2018-05-09
Janice Lawson;mouth;291;1992-12-13
Miguel Hale;indeed;292;1977-10-03
Wanda Young;street;293;2023-06-19
Linda Brown;friend;294;2003-08-25
Amber Sanders;drive;295;1988-01-23
Mark Jordan;establish;296;1979-02-13
Robert Hill;crime;297;2014-04-19
Robert Wilson;military;298;1984-11-21
Jason Campbell;they;299;1977-09-30
Timothy Fox;still;300;1973-09-26
Roberta Oneill;relate;301;1986-04-02
Amy Rogers MD;know;302;1999-09-16
Sean Phillips;like;303;2009-11-23
Brian Martin;attention;304;1998-02-01
Bianca Oliver;dinner;305;2017-11-14
Wesley Nelson;south;306;1995-03-26
Matthew Perez;owner;307;1975-04-24
Erika Hopkins;space;308;1985-02-04
Dr. David Young;add;309;2022-08-20
William Fisher;usually;310;1990-06-24
Bobby Davidson;push;311;2012-03-28
Marvin Hernandez;article;312;1993-12-26
Erica Zimmerman;nature;313;2011-12-31
Vanessa Kim;computer;314;1976-05-13
Mackenzie Parsons;serve;315;2002-02-12
Connie Bailey;service;316;1993-06-06
Kim Stevens;loss;317;2002-10-14
Christy Mueller;step;318;1992-08-03
Ariana Dixon;space;319;1978-12-17
Zachary Kent;fill;320;2003-08-28
Jonathan Hale;then;321;2015-04-26
Melissa Thomas DDS;put;322;2016-09-04
Karen Stephens;little;323;2002-03-01
Brandon Bridges;perhaps;324;2016-03-15
Joe Lee;season;325;2004-11-10
Sharon Crane;issue;326;1976-09-07
Abigail Thompson;enter;327;1987-08-05
Mark Mckinney;this;328;2015-03-24
Erik Gibson;eat;329;1989-11-25
Angela Perry;test;330;2014-04-07
Thomas Hudson;right;331;1975-12-05
Joseph Adams;top;332;1998-06-29
Kathleen Mitchell;remain;333;2013-11-22
Catherine Hernandez;today;334;2001-03-16
Joshua Watson;catch;335;1975-03-28
Stephen Kent;poor;336;1988-05-08
Tonya Smith;music;337;1998-01-17
Harry Lee;street;338;1979-05-28
Sierra Gaines;method;339;2002-04-11
Timothy Fisher;decision;340;2021-07-09
Mackenzie Bryan;chance;341;1994-03-31
Gary Bass;thousand;342;2023-03-16
David Avery;soldier;343;1994-06-08
Tiffany Hunt;goal;344;1993-01-14
Andrew Bates;explain;345;2020-05-07
Susan Cobb;position;346;1998-03-22
Steven Juarez;indicate;347;2022-04-13
Eric Moran;process;348;1986-03-22
Marie Moore;successful;349;1980-07-13
Allen Pham;wonder;350;2013-10-03
Valerie Franco;he;351;2022-09-06
Ashley Hernandez;different;352;2008-01-15
Joseph Henry;career;353;1980-06-25
Richard Hansen;thus;354;2018-01-03
David Barton;common;355;2008-05-02
Christina Juarez;appear;356;2014-11-17
Wanda Mcdonald;card;357;1973-04-16
Robert Herman;project;358;1994-03-13
Amanda Lewis;mission;359;1984-09-27
Joseph Smith;phone;360;2014-11-23
Mary Hartman;attack;361;1994-02-22
Travis Hayden;visit;362;1996-08-20
William Rojas;want;363;1974-08-20
Johnathan Foster;wonder;364;1974-12-02
Samuel Bell;team;365;1987-08-17
Michael Campbell;course;366;1997-12-17
William Baker;measure;367;1986-11-22
Benjamin Camacho;until;368;1975-05-30
Nicole Coleman;produce;369;1986-02-07
Olivia Phillips;score;370;1981-06-01
Jeffrey Weiss;if;371;1997-08-21
Matthew Bradshaw;might;372;2008-02-21
Bryan Anderson;man;373;1992-12-13
Drew Dean;door;374;2009-11-27
Shawn Miller;show;375;2011-11-13
Kenneth Summers;fine;376;1982-05-03
Angela Williams;impact;377;2020-01-09
Christopher King;among;378;1983-06-27
Jason Ramos;condition;379;1990-06-02
Jake Ortiz;involve;380;2008-03-14
Monica Wood;save;381;2006-05-13
Donna Powell;painting;382;1990-07-30
Shannon Bryant;information;383;1979-05-05
Brittany Fields;explain;384;2000-05-27
Christopher Morse;degree;385;1999-05-21
Rebecca Gray;number;386;1994-12-20
Marilyn Reyes;executive;387;1978-07-05
Stephanie Trujillo;check;388;2003-07-02
Martha Smith;news;389;1981-03-24
James Ryan;investment;390;1980-04-21
Scott Jackson;success;391;2010-05-18
Joseph Russell;summer;392;2009-03-03
Stephanie Love;unit;393;2011-01-24
Adriana Richards;wrong;394;1983-10-10
Logan Williams;fund;395;2002-09-23
John Miranda;city;396;1975-02-11
Helen Massey;something;397;2012-02-29
Lindsay Stephens;enter;398;2004-12-26
Leslie Harris;order;399;2009-11-29
Michael Bennett;successful;400;2003-05-06
Alan Smith;build;401;2004-11-25
James Knight;keep;402;2017-05-01
Sarah Martinez;inside;403;1977-01-05
Tanya Jones;defense;404;2014-04-08
Frederick Hernandez;cultural;405;1998-07-09
Michael Harris;she;406;2014-08-21
Sarah Nolan;get;407;1989-02-08
Noah Sanders;generation;408;2021-04-28
James Meadows;spring;409;2004-09-19
Andre Sawyer;tend;410;2021-01-21
Cathy Boyer;soldier;411;2009-11-15
Michael Riley;subject;412;1970-10-22
Luis Johnson;while;413;2013-12-20
Maria Deleon;share;414;2017-11-27
Andrew Adams;consider;415;1979-05-08
Dorothy Hubbard;response;416;1976-10-20
Nicole Leon;popular;417;1973-04-09
Donald Garza;college;418;2012-12-02
Taylor Barr;call;419;2020-05-18
Catherine Robinson;step;420;2014-10-06
Steven Robinson;weight;421;1970-08-20
Deborah Conley;stock;422;2020-01-03
Lori Camacho;compare;423;1972-06-11
Terri Smith;fact;424;1981-03-22
Stephen Rice;offer;425;1985-03-02
George Peck;girl;426;1981-12-09
Christopher Bailey;TV;427;1970-06-30
Colleen Costa;floor;428;2009-11-27
Elizabeth Novak;hundred;429;2013-05-13
Erica Jones;break;430;2008-06-09
Matthew Fleming;deal;431;2013-06-11
Janet Jones;population;432;2011-01-08
Christine Henry;partner;433;1983-04-13
Heather Harris;clearly;434;2021-12-09
Michelle Taylor;stop;435;1985-10-22
Tasha Robertson;age;436;2010-04-30
Sean Dunn;offer;437;2003-07-07
Karina Spencer;before;438;1988-04-06
Stephen Richardson;second;439;2018-03-12
Karen Macias;them;440;1978-04-10
Regina Evans;exactly;441;2002-08-26
Jessica Walsh;chair;442;2016-11-02
Curtis Rodriguez;strategy;443;2013-06-08
Robin Lowery;whom;444;2016-12-15
Kimberly Baker;whatever;445;2005-01-02
Michael Page;so;446;1982-10-30
Mrs. Jillian Greene;else;447;2015-06-21
Robin Carr;even;448;2002-04-06
Brandon Campbell;realize;449;1994-10-31
Alexandra Garcia;above;450;1981-04-13
Michael Freeman;gas;451;1974-08-19
Amanda Thomas;value;452;2002-11-21
Stephen Aguirre;check;453;1976-11-15
Christian Farley;he;454;2016-06-04
Michelle Acevedo;baby;455;1986-10-29
Larry Wright;reach;456;1971-03-30
Michael Washington;arrive;457;2005-04-02
Lori Mendez;system;458;2000-09-04
Jordan Anderson;true;459;1996-05-06
David Ellis;care;460;1988-03-17
Molly Medina;may;461;1977-06-28
Adrian Hunt;energy;462;2017-06-20
Felicia Moore;few;463;1990-05-22
Caitlin King;usually;464;2021-05-09
Jimmy Haley;tree;465;1971-05-21
Diana Long;bank;466;2005-03-20
Lori Jackson;anything;467;2009-12-30
Tyler Davis;spend;468;1989-05-07
Frederick Blair;drop;469;1984-12-12
Rachael Owens;new;470;2016-08-30
Jay Smith;option;471;1997-09-12
Donna Blackwell;billion;472;1970-01-17
Tina Harris MD;of;473;1977-06-17
Douglas Orr;recently;474;2010-01-19
Kevin Rodriguez;resource;475;1989-03-08
Daniel Henderson;over;476;2004-09-20
Jeremy Jackson;another;477;2019-10-12
Tracey Meyers;board;478;2017-03-24
Sarah Boyd;however;479;1977-03-18
Matthew Mckenzie;return;480;1989-01-07
Leon Kane;speak;481;1986-08-20
Hector Thomas;quality;482;2003-01-19
Kaitlyn Johnson;mind;483;2020-07-29
Ryan Carpenter;so;484;1970-07-05
Angela Buchanan MD;police;485;1991-11-27
Debra Rogers;modern;486;1975-03-26
James Parker;until;487;2011-05-16
Cody Rodriguez;whether;488;1976-10-31
Ashley Gates;trip;489;2007-12-23
Daniel Wells;suffer;490;1977-01-05
Kimberly Williams;treatment;491;2023-07-07
Laura Lee;rock;492;2016-07-08
Brooke Ellis;head;493;2017-07-17
Albert Smith;history;494;2002-08-25
Jessica Rice;share;495;1986-04-03
Shannon Mitchell;close;496;1993-08-14
Patricia Walton;family;497;2012-10-22
Michael May;outside;498;1994-04-14
Anthony Boyd;represent;499;2007-04-17
Donald Miller;meet;500;1988-09-27
Amanda Boyd;bank;501;2001-10-08
Robert Smith;lead;502;1983-07-15
Laura Alexander;consumer;503;1986-07-28
Jordan Short;citizen;504;1998-02-12
Jason Newton DVM;get;505;1972-07-22
Nicole Smith;now;506;1971-03-19
Jennifer Flynn;me;507;2018-06-10
Jeremy Soto;recent;508;1971-04-09
Michael Chandler;evidence;509;1997-03-21
Miss Christy Brown;professional;510;1975-01-22
Benjamin Mccormick;bag;511;2021-07-12
Christopher Harris;nature;512;1978-07-20
Shelly Cooper;try;513;1998-01-30
Ryan Cummings;piece;514;2023-08-06
Edward Nichols;anything;515;1975-05-06
Jessica Carpenter;value;516;2011-05-22
Mark Osborne III;page;517;2018-12-24
Jennifer Weaver;mission;518;1996-12-28
Renee Simmons;consumer;519;1985-02-14
Adrian Hernandez;nothing;520;2016-10-06
Sarah King;happen;521;1996-02-09
Lisa Sandoval;option;522;1999-02-17
Gabriel Cline;specific;523;1991-05-07
Amy Smith;direction;524;2004-06-23
Sheena Ruiz;example;525;1980-09-19
David Nelson;discussion;526;2016-01-14
Heather Carlson;tend;527;1989-02-06
Elaine Webster;policy;528;1974-03-04
Kevin Maldonado;nothing;529;2020-02-05
Jessica Odom;six;530;1979-08-06
David Lopez;whether;531;1984-02-12
Sarah Robinson;itself;532;2001-07-03
Logan Watson;teach;533;1994-04-28
Holly King;management;534;2000-01-24
Mary Rodriguez;other;535;1970-06-12
Stephanie Adams;generation;536;1978-08-13
Edward Keith;with;537;1971-09-13
Mr. Brian Armstrong;themselves;538;1983-04-22
David Mitchell;relate;539;2008-04-07
Nathaniel Nelson;past;540;2006-10-16
April Long;just;541;1972-03-16
Kristen Guerrero;cost;542;1994-02-17
Anna Owen;floor;543;2021-02-27
Mary Taylor;good;544;1986-02-26
Thomas Lozano;light;545;2001-01-09
Susan Tyler;agency;546;2002-07-05
Johnny Anthony;gun;547;1978-06-17
Mario Gamble;eight;548;1978-04-28
Karen Santos;move;549;1993-07-17
Jay Smith;expect;550;2022-08-04
Arthur Taylor;ago;551;1998-11-14
Lori Neal;ahead;552;2022-05-15
Fernando Bryant;yes;553;1980-04-26
Christopher Dillon;true;554;2005-03-07
Kelly Kramer;when;555;1984-12-17
Emily Heath;thing;556;1970-02-03
Paul Yoder;appear;557;1973-02-28
Tiffany Obrien;edge;558;1995-06-25
Eric Palmer;share;559;2016-11-05
Kyle Monroe;reduce;560;1991-03-25
Karen Miles;drop;561;2023-03-22
Linda Thomas;while;562;1972-05-02
Terrance Scott;mission;563;1994-07-14
Suzanne Juarez;cost;564;1978-08-18
Jessica Hicks;happy;565;2015-02-18
Casey Arnold;draw;566;2003-08-22
Jonathan Washington;any;567;2018-06-09
John Oliver;job;568;1992-09-10
Jacob Phillips;science;569;2021-02-17
Lori Tran;goal;570;1982-09-20
Michael Fry;talk;571;2017-06-11
Ashley Dunn;personal;572;1983-12-13
Cole Owen;half;573;2005-01-13
Elizabeth Scott;through;574;1971-02-25
Sean Jacobson;dark;575;2007-11-21
Ryan Baldwin;college;576;1979-02-24
Mike Mccormick;study;577;2001-10-05
Christopher Harris;five;578;2002-08-11
Paul Smith;throw;579;1995-04-19
Debra Smith;peace;580;1998-02-13
Brian Reese;western;581;2008-03-07
Henry Watson;not;582;1987-07-16
Mindy Lozano;second;583;1976-02-23
Lisa Callahan;much;584;1993-10-20
Mrs. Stephanie Solis;cell;585;1990-09-06
David Mccarty;away;586;1994-10-19
Ian Thomas;store;587;1981-08-16
Deborah Moore;citizen;588;1999-06-23
Jody Hoffman;education;589;1980-09-15
Cody Hayes;computer;590;1984-09-26
Andrew Jones;behind;591;2010-08-08
Roger Salazar;majority;592;1984-03-09
Anita Elliott;fact;593;1986-10-26
Leslie Watson;house;594;2009-07-02
Frances Duncan;evening;595;1999-08-07
Andrew Barnes;TV;596;2013-06-25
Jasmine Gutierrez;visit;597;1972-06-25
Jessica Russell;beat;598;1972-03-09
Paul Hart;radio;599;2007-05-18
Jessica Gibson;prove;600;2020-05-16
Austin Smith;bar;601;1992-03-16
Philip Peterson;option;602;2017-07-07
Cindy Douglas;sea;603;1990-08-15
Natalie Guerra;behind;604;1995-02-22
Ralph Anderson;environment;605;1982-08-22
Sandra Pierce;section;606;1997-08-03
Steve Ramirez;their;607;1976-10-05
Sarah Barker;Mrs;608;2011-08-16
Caitlin Yang;help;609;1985-08-23
Kristen Bradford;follow;610;2017-03-02
Brenda Patton;unit;611;2017-09-26
Juan Rivera;language;612;1977-01-16
Willie Mitchell;born;613;2018-09-29
Anthony Clark;born;614;1983-10-26
David Villanueva;religious;615;2012-06-04
Beth Hartman;collection;616;2021-10-04
Veronica Taylor;card;617;2020-11-26
Christopher Farrell;former;618;1984-05-16
Jacob Savage;itself;619;2011-02-11
Angela Ochoa;member;620;1987-07-20
Michael Quinn;anything;621;2010-01-31
William Murphy;describe;622;2002-06-15
Anthony Bullock;sign;623;1974-10-10
Yolanda Smith;daughter;624;2002-07-23
Amanda Mcpherson;north;625;1977-06-08
Bryan Evans;boy;626;1983-06-12
Mark Rogers;style;627;1991-08-01
Chad Burton;good;628;2022-08-19
Richard Simpson;firm;629;2008-11-03
Michael Smith;matter;630;2014-06-16
Joshua Brown;every;631;1984-06-06
Olivia Gentry;bank;632;2023-06-03
Melissa Mcgee;world;633;2007-01-10
Tanya Pearson;beautiful;634;2009-06-06
Christina Chan;past;635;2003-08-06
Jonathan Gomez;well;636;1980-05-11
Mrs. Andrea Berry MD;never;637;2013-03-17
Alison Jordan;room;638;2012-04-06
Eddie Gardner;situation;639;1998-01-13
Briana Brown;maybe;640;1989-09-17
James Perez;authority;641;2007-12-25
Tracy Mckinney;follow;642;2022-09-30
Rachel Jones;mission;643;1978-05-12
Michael Carpenter;central;644;1993-12-21
Stephanie Ruiz;exactly;645;1978-03-14
Charles King;Mrs;646;1987-11-29
Matthew Nelson;wrong;647;1979-09-03
Carly Rodriguez;her;648;1998-07-01
Chloe Carey;fish;649;2007-07-15
Alicia Delacruz;visit;650;1985-07-30
Kelly Davidson;hit;651;1997-03-16
Marissa Lewis DVM;technology;652;1971-03-25
William Carroll;push;653;1970-03-08
Gregory Moore;born;654;1986-02-07
Sarah Clark;million;655;2017-07-10
Travis Roberts;often;656;2002-07-31
Jose Lee;the;657;2005-03-05
Carmen Wise;short;658;1997-08-20
Daniel Dunlap MD;off;659;1995-12-29
Heather Miller;sense;660;2007-09-19
Greg Wilson;baby;661;1980-02-29
Brent Fisher;assume;662;2015-03-27
Lauren Love;what;663;1984-08-24
Michele Patton;state;664;1991-02-23
Cristina Garcia;partner;665;2020-11-21
Nicole Jacobs;city;666;1989-04-15
William Williamson;opportunity;667;1992-07-22
Matthew Saunders;position;668;2002-06-15
Desiree Ramirez;people;669;1973-09-18
Denise Wilson;decide;670;2008-02-12
Sara Braun;one;671;2015-01-15
Alexandra Webster;image;672;2015-03-12
Karen Wilson;popular;673;1985-03-16
Brandy Lynch;light;674;2023-08-22
Danielle Richards;positive;675;2022-02-19
Terri Schmidt;talk;676;2018-12-14
Brandon Huber;her;677;2013-10-12
David Hill;first;678;1989-10-15
Julia Tyler;senior;679;1995-04-05
Kimberly Hutchinson;add;680;2001-05-05
Eric Wilson;really;681;1983-07-17
Brian Moore;wife;682;1992-07-16
Kristy Richardson;yet;683;2022-06-03
Joseph Mueller;cold;684;1973-04-05
Ms. Dawn Simon MD;social;685;2022-05-06
Daniel Lopez;enter;686;1992-09-20
Alejandro Carson;ask;687;1997-04-14
Steven Wilson;ground;688;1977-06-27
Cindy Ferrell;compare;689;1976-08-24
Andrew Wells;local;690;1971-05-27
Jonathan Schneider;enjoy;691;1970-06-12
Louis Hansen;door;692;2011-09-18
Dylan Fleming;which;693;1992-11-03
Michelle Page;most;694;2017-03-04
Duane Jennings;five;695;2013-06-25
Matthew Benton;everything;696;2007-04-22
Caroline Aguirre;foot;697;1983-07-04
Cheryl Miller;people;698;1971-10-10
Mark Green;lay;699;1982-11-07
Daniel Terry;knowledge;700;2008-05-05
Cindy Friedman;worry;701;2002-07-19
Michael Manning;decade;702;1980-04-23
Samantha Martinez;claim;703;2013-05-11
Amanda Wyatt;here;704;2019-08-27
Maxwell Smith;question;705;2021-04-19
Susan Esparza;effect;706;1981-04-04
Denise Smith;little;707;2020-03-14
Danielle Turner;best;708;1971-03-28
Allison Oliver;present;709;2023-08-25
Chad Lee;boy;710;2016-12-09
Tracey Stewart;tend;711;2002-12-17
William Murray;cost;712;2020-07-28
Candice Grant;key;713;2005-04-25
Derrick Nunez;minute;714;2016-05-23
Vickie Rocha;ready;715;1994-08-07
Cindy Knight;shake;716;1978-06-03
Jeffrey Wilson;indeed;717;1990-06-20
Catherine Austin;into;718;2008-11-02
Felicia Smith;forward;719;2021-03-08
Timothy Rodriguez;relationship;720;1990-11-24
Katie Diaz;mention;721;1980-08-05
Jennifer Hopkins;boy;722;1990-06-23
Lisa Smith;chair;723;2003-04-08
Jennifer Norris;adult;724;1994-04-03
Jill Butler;evening;725;2017-06-08
Shannon Davis;mention;726;2014-12-17
Jamie Franklin;again;727;1972-06-09
Joseph Walsh;style;728;2015-11-26
Kelly James;dark;729;1977-09-18
Stephanie Davis;speak;730;1974-08-08
Drew Lopez;medical;731;1981-05-05
Victoria Lopez;direction;732;2020-11-16
Linda Ryan;best;733;2013-04-11
John Delgado;culture;734;2020-03-14
Yesenia Gregory;improve;735;2001-01-13
Alan Lindsey;will;736;2001-02-20
Jacqueline Mitchell;beat;737;1992-03-09
Vicki Bates;business;738;2013-09-28
Eric Cooper;raise;739;2009-01-31
Thomas Mccarthy;soon;740;1972-07-07
Dustin Cochran;product;741;1999-05-26
Kevin Wilson;news;742;1980-12-16
Elizabeth Stewart;concern;743;2004-10-24
Ashley Jackson;building;744;1971-02-08
Elijah Middleton;budget;745;2013-05-09
Lorraine Valencia;agree;746;2019-02-25
Mrs. Amy Gardner;third;747;1970-06-27
Rhonda Reed;standard;748;2003-03-25
Justin Smith;management;749;1979-11-25
Melanie Wilkerson;town;750;2015-01-12
Kristi Sheppard;than;751;1997-07-30
John Brown;difficult;752;1979-11-02
Tiffany Boyle;politics;753;2010-06-30
Marvin Fischer MD;simply;754;1972-02-10
Dean Ward;everybody;755;2015-11-17
David Mack;picture;756;1982-09-04
Wendy Brown;to;757;1980-09-26
Julia Miller;training;758;1979-01-13
Caleb Marsh;break;759;1998-07-21
Nathan Morales;effect;760;2022-06-18
Tracey Davidson;truth;761;2022-06-18
Sabrina Wilson;more;762;1997-04-07
Sara Werner;attention;763;1975-04-06
Amy Miller;wonder;764;2002-06-03
Thomas Hicks;interest;765;1977-07-31
Cody Lane;compare;766;2004-05-31
William Cook;perhaps;767;1991-12-09
Carolyn Rodriguez;player;768;2013-11-28
Peter Harris;student;769;2000-05-29
Jeffrey Hughes;food;770;2020-01-24
Mikayla Garcia;continue;771;1986-04-24
Laura Robles;against;772;2002-03-19
Melissa Wright;include;773;2016-02-18
Anthony Hill;east;774;1987-05-30
Joseph Bass;politics;775;1976-09-26
Rachel Turner;probably;776;1983-09-11
Bryan Cooper;raise;777;2014-06-16
Chloe Alexander;soldier;778;2005-02-19
Brian Bradley;way;779;1975-02-18
Anthony Garcia;add;780;2000-09-20
Alicia Ashley;energy;781;1983-05-16
Joe Sampson;important;782;1973-06-15
Dr. Denise Rojas DDS;his;783;1970-08-20
Henry Carr;wonder;784;1985-01-17
John Hall;police;785;1980-09-04
John Pena;sea;786;2017-11-04
Grant Baker;model;787;2004-01-08
Tyler Austin;western;788;2017-03-10
Aaron Dickerson;position;789;2008-12-06
Tim Anderson;culture;790;1975-05-25
Debra Cherry;center;791;1992-03-24
Monique Bradford;discover;792;1985-09-27
Darryl Orr;remain;793;1982-02-19
Kenneth Bass;health;794;2023-07-09
Betty Powell;news;795;2022-06-06
Norma Kaufman;hour;796;2023-08-17
Zachary Strong;least;797;2015-05-06
Charles Williams;range;798;1989-02-22
Jesse Leonard;pick;799;1978-03-02
Kenneth Reed;else;800;1986-06-02
Amber Gentry;stage;801;1993-11-29
Laura Williamson;should;802;1991-09-06
Keith Lynn;share;803;1988-10-29
Melanie Davis;memory;804;1998-10-18
Michelle Zuniga;think;805;1995-01-19
Annette Wilcox;foot;806;2003-03-24
Rodney Martin;break;807;1973-03-26
Amy West;scene;808;1972-05-05
Travis Norris;guess;809;1996-06-28
Craig Harris;director;810;1993-08-17
Christopher Long;shoulder;811;1978-02-02
Jason Townsend;hair;812;2002-06-08
Patricia Pace;imagine;813;1974-04-03
Thomas Foley;special;814;2020-04-09
Gina Bell;drug;815;1997-01-11
Johnny Howard;type;816;2023-04-19
Carl Garza;should;817;2013-08-01
Julie Nelson;per;818;2018-10-22
Lisa Carroll;difficult;819;1979-10-29
Brenda Matthews;try;820;1991-03-22
Angela Watson;reveal;821;1982-11-17
Tony Wood;future;822;2022-11-04
Christine Bradshaw;expert;823;1990-10-26
Stephen Sanchez;decide;824;1976-03-21
David Gonzalez;book;825;1999-08-23
Sharon Tucker;eat;826;2014-02-18
Marcus Howard;maybe;827;2007-06-30
Michelle Byrd;my;828;2019-02-20
Mr. Shawn Russell;modern;829;1981-08-10
Angel Sanchez;business;830;2023-03-22
Mrs. Karen Walton;control;831;2021-10-09
Elizabeth Contreras;lawyer;832;1984-12-12
Amy Walsh;might;833;2007-08-19
Renee Lewis;painting;834;1979-01-01
Kathleen Kent;available;835;2018-06-17
John Cortez;way;836;2012-05-04
Mary Walker;moment;837;1982-01-14
Marcus Robinson;other;838;1981-12-25
James Whitehead;everybody;839;1988-06-25
Eric Sullivan;open;840;2002-03-31
Robert Osborne;order;841;1981-04-23
Alexis Steele;author;842;2002-01-25
Joseph Flores;itself;843;2005-03-28
Jessica Carter;air;844;2010-08-08
Amy Anderson;a;845;2022-12-18
Ashley Li;technology;846;2019-04-04
Alison Rojas;game;847;1988-02-24
Sandy White;government;848;1982-02-23
Dr. Patrick Reilly;seem;849;1994-08-26
Ashley Scott;floor;850;2016-11-09
Melissa Meza;simple;851;2014-05-28
Jose Ruiz;involve;852;2005-09-06
Sheena Gibson;reality;853;1984-02-28
Taylor Whitaker;especially;854;2013-12-18
Joshua Greene;friend;855;1972-02-18
Nathaniel Soto;source;856;1977-09-13
Gregory Gonzalez;toward;857;1978-02-26
Jennifer Henderson DDS;without;858;2004-01-17
Brendan Flores;TV;859;2021-11-24
Connor Hunt;brother;860;1976-08-28
Jennifer Singh;remember;861;2002-06-20
Nathan Mack;public;862;1992-04-21
Jonathan Barnes MD;eat;863;1993-05-08
Briana Gomez;strong;864;1993-08-13
Alec Mccoy;reflect;865;1986-06-28
Katherine Perez;instead;866;1988-01-06
Kayla Reynolds;box;867;1996-04-29
Kristy Hendricks;natural;868;1988-06-29
Brent Boone;stock;869;1975-09-26
Kim Valenzuela;key;870;2010-03-26
Sharon Rivers;try;871;1997-06-10
Henry Le;record;872;2000-06-22
Traci Robinson;suggest;873;2000-08-30
Matthew Day;hour;874;1978-10-31
Ashley Evans;behind;875;2021-06-25
Jacqueline Luna;agency;876;1972-05-23
Gregory Lopez;produce;877;1998-05-21
Robert Bowman;the;878;1974-01-28
Jeremy Gill;at;879;2019-09-17
Paul Hall;whose;880;1996-12-25
Daniel Owens;way;881;1999-01-23
Mrs. Jaime Harrington;place;882;1977-01-03
Glenn Thompson;smile;883;2022-03-18
Antonio Vaughn;actually;884;1990-05-22
Robyn Hardy;less;885;1983-05-10
Barbara Barnes;sense;886;2009-12-05
Robert Holmes;about;887;1988-08-25
James Warner MD;follow;888;1989-04-13
Vanessa Hunter;billion;889;1993-01-30
Andrea Diaz;air;890;2008-04-23
Elaine Stewart;program;891;1975-03-25
Dana Simpson;road;892;1997-03-01
Jordan Miller;form;893;2020-03-19
Olivia Davis;real;894;1999-09-21
Robert Morrow MD;interesting;895;1989-09-23
Devin Harvey;century;896;2022-10-23
Carlos Small;science;897;1987-02-27
Jessica Webster;bit;898;1978-12-03
Matthew Cox;cell;899;2010-11-26
Haley Bennett;likely;900;2002-03-04
Melissa Chase;evening;901;2018-12-16
Eric Ballard;community;902;2009-10-06
Joseph Singh;choose;903;1971-05-20
Brian Johnson;collection;904;1990-02-13
Linda Morris;material;905;2018-03-05
Alexander Fisher;chair;906;1997-09-07
Margaret Robinson;region;907;2018-02-26
Katherine Richard;explain;908;1971-05-20
Todd James;strategy;909;2001-09-26
Meagan Johnson;foot;910;2003-05-21
Michele Rodriguez;available;911;1973-06-22
Amanda Martin;health;912;1993-02-14
Matthew Saunders;politics;913;1996-10-14
Philip Berry;smile;914;1983-11-19
Mrs. Stephanie Hernandez MD;control;915;1974-10-17
Matthew Watts;cold;916;1981-07-23
Jesse Walker;describe;917;1991-10-12
Scott Ryan;culture;918;1977-06-29
Edwin Brown;outside;919;2010-12-28
Peter Coleman;chair;920;1981-03-28
Robert Simmons;tree;921;2016-01-05
Steven Webb;study;922;1998-09-02
Lisa Garcia;put;923;1981-08-07
Dustin Terrell;gas;924;2008-08-06
Nichole Johnson;team;925;2023-04-12
Catherine Park;you;926;2016-03-24
John Wilkins;top;927;2008-12-23
Michael Burns;Mrs;928;2005-10-16
Crystal Downs;city;929;1993-11-04
Hector Simpson;director;930;2010-03-01
Lisa Harris;talk;931;1994-11-30
Bethany Brady;party;932;1971-11-28
Julie Warren;it;933;1973-12-21
Adam Greene;floor;934;1983-07-14
Tara Hernandez;kitchen;935;1977-05-09
Paula Anderson;imagine;936;2017-09-29
Jeffrey Mccoy;agency;937;1976-08-16
Chad Sandoval;those;938;1993-05-23
Maria Figueroa;by;939;1985-01-04
Patrick Butler;piece;940;1982-05-24
Devin Williams;foreign;941;2006-05-20
Jacob Freeman;nature;942;1986-12-18
Kayla Martin;ground;943;2002-08-29
Danny Silva;recognize;944;1971-06-29
Samuel Moyer;morning;945;1975-04-11
Jonathan Davis;well;946;2014-11-04
Theresa Singh;time;947;2016-10-01
Victoria Mullins;between;948;1978-01-01
Krystal Shaw;home;949;1986-05-05
Eric Perez;tree;950;2005-12-23
Marcus Casey;blue;951;2020-10-18
Jennifer Mason;real;952;1987-02-25
Krystal Cochran;none;953;2016-02-13
Robert Ward;line;954;1995-07-17
Ann Lewis;live;955;1986-07-22
Jonathan Shea;our;956;1981-01-01
Jason Stevens;southern;957;1995-05-16
Derek Stone;candidate;958;1982-12-16
Terry Wiggins;this;959;1980-06-12
Lindsey Hill;half;960;1977-04-05
Melissa Combs;raise;961;2009-05-14
Christopher Roberson;sound;962;2002-07-05
Taylor Munoz;another;963;2019-06-23
Debra Ward;never;964;2015-01-04
Ann Hart;send;965;2014-04-12
Mr. Omar Benson;everybody;966;2009-10-23
Cheryl Hernandez;put;967;1982-04-23
Chelsea Davidson;event;968;1991-03-10
James Hogan;arm;969;1992-07-22
Courtney Green;prevent;970;1972-01-04
Betty Leblanc;indicate;971;1993-01-17
Elizabeth Graves;along;972;1992-01-30
Dr. Jermaine Rogers;deep;973;1991-02-05
Brian Miller;suffer;974;1980-07-05
Tyrone Madden;base;975;2017-05-02
Megan Carter;town;976;1987-01-03
Sandra Brown;people;977;1988-04-23
Sierra Harris;director;978;2011-09-25
Monica Wilson;seat;979;1973-01-02
Christopher Hart;night;980;1975-07-12
Jason Cruz;wife;981;2013-01-25
David Nguyen;would;982;1981-12-12
Darlene Lewis;decade;983;1983-02-26
George Peterson;old;984;2009-01-20
Thomas Thornton;understand;985;1981-01-24
James Stephens;also;986;1993-06-15
Douglas Taylor;quite;987;2003-03-28
Terry Henson;sound;988;2020-06-20
Andre Bennett;policy;989;1971-06-26
Robert Davis;year;990;1994-09-14
Jose Williams;me;991;1972-08-05
Thomas Williams;coach;992;1973-02-19
Janet Randolph;best;993;2012-05-24
Tammy Thompson;drop;994;1992-12-31
Susan Davidson;use;995;1971-08-28
Jennifer Hicks;task;996;2008-08-26
Jason Bridges;after;997;1980-03-28
Sherri Sparks;enjoy;998;1999-10-14
Melissa Stevenson;along;999;2009-12-29
