Deborah Schroeder;watsonnatalie@gmail.com;%XbUwwq(j3;2014-08-14;Griffinburgh
Alyssa Carroll;ingramcharlene@hotmail.com;_9MUCG_g*(;1981-04-23;Billyhaven
Clinton Smith;jamessimon@zimmerman.org;)Au8MCojJ(;2013-09-10;Sanchezberg
Cynthia Johnson;ddavis@hotmail.com;_6JGiiOjY0;1970-09-01;Sandyview
Keith Jackson;matthew32@gmail.com;I(7Fmic$WW;1998-01-20;Perezhaven
Joshua Chapman;perkinschristine@hotmail.com;)Q1T_kzpv9;2009-01-27;Estradaton
Michelle Garner;yyoung@stewart-myers.org;G_l70Fwi)@;2013-06-06;Whitneybury
Mr. Raymond Campbell;gregorygarcia@reese.com;#)j#WQSoV6;1995-10-08;Rollinstown
Misty Perez;newmanjames@harris-ramirez.com;4Cp2C%ex$8;1971-08-17;Hatfieldchester
Rachel Coleman;chughes@hotmail.com;1#LfDnig%3;2011-12-03;West Ericstad
Tara Larsen;qmunoz@wallace.net;%D4C$+qF)t;2009-04-23;Holmesborough
Tammy Wright;delacruzjason@hotmail.com;j^IQRP22(0;1994-08-29;Coreymouth
Kevin Martin;angela10@juarez-dillon.com;*@b93UbvfO;2005-11-12;South Jessica
Rebecca Smith;johnmercado@hotmail.com;^VAxEehK8w;2019-10-13;Port Misty
Ryan Williams;tammybrown@ortiz.com;3aV+pbCl%r;1981-06-17;South Rachel
April Franklin;farmstrong@gmail.com;eOZz83Fy$j;1983-07-28;Port Anthony
Michael Tran MD;david94@hotmail.com;Nr43#gSb%b;1978-06-17;New Jason
Christina Maddox;reillyashley@yahoo.com;_4Y9!7x)H*;1981-08-25;Greenville
William Barnes;hrosales@gmail.com;H!MNF1Kg2^;1979-10-22;Jenkinsland
Colleen Obrien;heatherdavis@yahoo.com;Pn&5lXyreD;2018-02-19;North Bonnie
Edwin Cummings;pachecogeorge@gmail.com;3YV6GD1d$3;2000-05-01;Alexandertown
Thomas Patton;waltonjames@hotmail.com;#8edz!QJNr;2009-03-18;Lake Christopher
Joseph Flores;thomastaylor@sanders.biz;!FHf!Ei$I7;1972-09-28;North Amanda
Jennifer Pineda;jonathanking@nguyen.net;&xkV#1XnRl;2010-06-29;Tammybury
Tina Small;lawsonjonathan@clements-hubbard.org;$HN!D@$b3l;1976-07-17;Thomaschester
Stephen Cook;carlos07@gmail.com;#45Mx*oq74;1976-08-26;New Kevintown
Jamie Simmons;brandon54@hotmail.com;*A4J0XFb_P;2015-12-04;Stevenfort
David Torres;ronald16@yahoo.com;q9TMbx%)&4;1999-12-22;South Devinport
Dalton Chase;stevenprice@acevedo.com;TDs&n2Rj&u;1996-10-30;Port Royfurt
Christy Salinas;jessica34@cox.com;+1Qd!6gg2H;1986-11-21;Port Alyssaport
Hayden Mercado;lewiskimberly@rose.com;2#V$+spj$0;2010-12-29;Johnshire
Debra Roberts;aliciamiller@johnson-hudson.com;+5!zQwMy!D;1990-02-18;South Colleenfort
Ricardo Bradley;michael40@mitchell.net;3Y9BYsrJ&J;1981-03-22;New Elizabethland
Timothy Palmer;jessicacardenas@gmail.com;lt63CYew!p;2019-05-07;Michaeltown
Sylvia Washington;bankssarah@murphy-stokes.net;@33JEs&b83;1991-02-20;Cortezview
Stephanie Paul;anthony23@newton-williams.com;!5%)yZatIm;1992-05-15;Port Scott
Jessica Johnston;brandon48@yahoo.com;)ha%03Ast4;1973-03-04;Jenniferhaven
David Lawrence;xcarpenter@sanchez-blackburn.com;cQ5RQNFB(6;2001-10-25;Port Marychester
Rodney Fry;kfernandez@gmail.com;B^R8Up1d));1974-02-03;Port Christian
Sarah Hensley;ywade@gibbs-frye.com;jR5^4Ig&$l;1978-11-18;Mejiachester
Daniel Jones;darrell35@vazquez-russell.com;!25DJK$iv$;1970-09-18;Lanceside
Carolyn Swanson;fuentescheryl@hotmail.com;O^_3Dtdkir;1970-10-31;Romanshire
Patrick Powers;osnyder@johnson.com;$^HTRyIjI6;2017-01-04;West Francis
Danielle Dean;tyler40@young.com;#Ie69QsjH#;1993-08-09;West Brittney
Sophia Myers;orussell@gmail.com;%4+3meWcS^;1984-08-24;East Laurashire
Todd Tran;carlsonanna@gmail.com;_o!0D(tnxS;2018-12-20;Lake Amy
Rhonda Sanchez;karenarias@hotmail.com;%3lPQze)Rz;1974-04-06;East Dawn
Jennifer Medina;youngkelly@hotmail.com;*5SYbx1t(&;2010-08-27;West Kevinville
Rickey Williams;blin@williams-cunningham.com;74DUmtP)_U;1970-04-05;Matthewport
Michael Hess;katherine91@hotmail.com;B!5EwXcvZf;1977-07-31;South Carl
Donald Roth;floresjohn@hotmail.com;(#k7QoxX)Y;1984-12-09;Wongview
Tyler Gonzalez;proy@yahoo.com;X!1HZDaW@r;1986-03-02;Hoganshire
Susan Atkins;schaefermegan@yahoo.com;)9Teaa#ab8;2013-06-10;Nicholsview
Johnathan Ferguson;angela56@hotmail.com;h(15SmakI&;2009-06-25;Antoniobury
John Garcia;dpitts@hotmail.com;4KZsJkok+S;1975-08-23;Tonyton
Stephen Pearson;fwalters@yahoo.com;G_76rJmyN&;1993-04-06;South Katrinastad
Austin Moore;micheal40@gmail.com;!&JMU8Fql7;2023-02-15;Richardsonville
Thomas Carroll;brian62@rodriguez.com;37t!(Jhm(x;1979-12-03;Port Shawn
Heather Jones;petercarpenter@cox.com;Jo8LW6VgM%;2015-10-22;West Wendy
Michelle Webb;graywilliam@jensen-west.com;PS2GyAEt*c;2021-04-07;New Mirandahaven
Samantha Reeves;robert10@yahoo.com;o7uzC^vi_a;1985-11-18;Nicholasfort
Corey Brown;michaelwilliams@schultz.net;sj3UiePVm!;2008-05-17;Doylebury
Justin Martin;jasonparsons@fisher-simpson.net;QA7j4De4f^;2015-06-15;South Stevenbury
Wesley Miller;afloyd@yahoo.com;xofB)9Fl_B;1986-02-19;Lake Gregory
Becky Murphy MD;griffithshawn@hotmail.com;am*2Fkwjxh;1979-06-06;Ashleyshire
Katherine Munoz;qvilla@finley-wallace.info;iOA0IDi%#*;2015-08-18;Ronaldfurt
Carlos Fisher;nhall@yahoo.com;66dYWrb4*K;1993-03-13;South Christina
Kathryn Morgan;julie29@hotmail.com;1)jz7UYf^i;2022-01-15;Kimberlybury
Sarah Chaney;khanamy@yahoo.com;)aDusaxmb2;1987-01-20;South Michael
Melissa Blackburn;lewiskaren@gmail.com;%G7Yk3(WC2;1975-08-03;Grahamport
Juan Watkins;hansonlorraine@rodriguez.org;y%9B+T0oxm;2001-02-22;Suttonborough
Angel Beck;shannonlynch@nelson.org;LzqN_0Yqcj;1988-03-16;Lake Gabriel
Sarah Simmons;brooksedward@hotmail.com;ZPDItkig*7;2011-11-06;South Ericchester
Mr. Anthony Morrison;jonathan47@yahoo.com;9T5TGBsDD);1984-11-24;South David
Stuart Smith Jr.;jesse77@gmail.com;6O09hQx$%m;1998-12-15;New Wendyberg
Valerie Daniels;sjordan@ward.org;Uh&6LHr0@*;2003-09-28;East Kelly
Monica Collins;joydavis@underwood.com;n1@G%tAj(&;2015-10-07;Georgeburgh
Dylan Lee;jonessherri@gmail.com;V#0Q5Lso$X;1984-07-17;Port Cody
Peter Daniel;zmurphy@pena-ramirez.com;a2!3DAq9p2;1977-09-17;Lake Emily
Shannon Molina;raymond76@martin.org;C2)MsE%J%a;1989-09-22;Lake Robert
Larry George;qsmith@hotmail.com;4@5tObgg&E;2010-05-22;Ashleyfort
Valerie Montes;lhoover@howard.com;2$67ZT%5wa;2021-11-21;North Franciscoton
Keith Anderson;danielking@adams.info;o+05B7WwxM;1997-09-10;Rodneystad
Johnny Davidson;norrisscott@hotmail.com;vADUzn7T(3;1989-11-09;Angelafort
Kevin Lynch;nathanchambers@hotmail.com;T(L2vqWf70;2010-06-11;Erinside
Steven Ortiz;bradmeza@mcgee-lewis.com;_fALUdgC&8;1985-04-18;Robertbury
Emma Barrera;smithsarah@yahoo.com;wyt$7WMgz9;2015-08-08;Davisshire
David Sandoval;anthonypennington@sanchez.net;8AW5zOCb)9;1988-02-20;Morrisborough
David Becker;grahamalexis@marshall-wolfe.info;)2kGXk$FZ&;1987-02-01;West Jeffreyland
Patrick Harris;david01@gmail.com;8)OT$yqs_7;2005-09-02;Rebeccamouth
David Gibson;khuffman@cortez.org;U6MVLpen*f;1982-03-19;North Davidside
Michael Ray;bianca81@gmail.com;*k3Gdchb(9;2007-09-03;Frostburgh
Stacey Gilbert;robert23@hotmail.com;J@8r4FGj0G;1975-10-10;Lake Todd
Tyler Lara;mcintyrepamela@robinson.net;e212gqPe*%;2011-06-02;East Stevenport
Gregory Stephens;williamsnicole@gmail.com;s%4b#YMvoG;1979-08-14;Ryanborough
Alyssa Cisneros;ochristensen@yahoo.com;3!p5QdxGsp;2002-07-10;Drewborough
Bradley Tran;lucaslisa@hotmail.com;ps263jSmz@;1972-10-30;Lake Malikburgh
Danielle Brown;simoncassie@sawyer.com;#pHOggDa9K;1984-02-22;Anitaberg
Michelle Mcdonald;garciakaylee@yahoo.com;jESTM@4v)5;1986-04-09;Cooperside
Thomas Rodriguez;samueljohnson@phillips.com;Gm7ERRDxP#;1980-06-26;Lindsayton
Tracey Ponce;keithdean@armstrong-spence.com;jme7QsFu(5;2000-12-05;East Timothybury
Joshua Flores;jennifer87@hotmail.com;&3APhlZNsN;2019-01-24;Riosbury
Mary Jones;laurenscott@hotmail.com;)#eUJUm8&5;2019-03-17;Lauraton
Melissa West;fisherjason@brown.com;7$L57G8nsS;2011-04-17;Lisaville
Daniel Wiley;lauriehawkins@lane-stephens.org;3ait1Ythl(;2016-07-06;New Ivanchester
Janice Gonzalez;katherinerangel@roberts-weber.info;H84fHaYV)Q;2007-06-27;Reyeschester
Karen Lee;eduardo47@duffy.com;TMU64DVg#i;1986-06-11;Nobleview
Ryan Hudson;ljohnson@hotmail.com;K!mmB3HdM+;1997-10-15;New Lisaton
Cody Morrison;bradleymurray@gregory-sandoval.biz;n0O5@Mom(g;1985-01-17;Lake Amandaland
David Harris;edward34@davis.com;dWeKryXg*3;1986-12-05;Smithside
Rick Fisher;james59@yahoo.com;#y6sNRinK3;2005-10-10;Charlottebury
William Thompson;stephenandrade@gmail.com;07h&1KqAZ+;2012-08-22;Robertastad
Maria Bullock;kgrimes@yahoo.com;bB%6EjKuU^;1991-05-08;Sierrachester
Michael Morton;harmonjason@harrington.biz;c5iMkQ(s$c;2001-02-28;Hicksmouth
Mark Richardson;lisavance@jackson-fernandez.org;Z!n+S31w!T;1987-02-20;Port Jamieland
Amy Thomas;scruz@hotmail.com;Ej(1Ynee#9;1994-09-18;Brandonmouth
Kristin Robinson;barronjack@mullins.biz;@9GM*6cWkT;1981-02-21;West Russellfurt
Julie Rodriguez;sanderswendy@hotmail.com;2T7IKgC!)c;1997-03-14;West Barryland
Kristie Downs;huangthomas@perez.biz;_6qOVcnODS;1988-12-09;West Stephanieshire
Amanda Shaw;jerry04@foster.com;!4cKugp5GS;2014-07-07;Michaelfurt
Brian Henderson;tammy08@hotmail.com;LYq(18ixS+;1983-12-25;New Christian
Diamond Hernandez;debbie39@hotmail.com;ZYY9gO_q_M;1976-04-18;Christinaport
Ronald Grimes;beardteresa@gmail.com;f7o%U8r*%q;2019-12-03;North Craig
Brenda Gillespie;sboyle@yahoo.com;37TIRnjf$P;1993-11-24;West Daniel
Johnny Gomez;joshuawilliams@gmail.com;ko5Rq_p)Z%;2013-09-27;Port Jenny
Gerald Castillo;masseycraig@gmail.com;M&3+4Lug_n;1983-01-30;Brownchester
Charles Bender;hmack@garcia.com;!86)URz)Wq;1999-06-13;Peggymouth
Jimmy Church;zwilliams@yahoo.com;#Oal9LYag!;1990-03-12;West Brittany
Michael Turner;greenedavid@ellison.com;h7VIM&ra+Z;1977-02-26;Lake Lindaport
Michael Taylor;tarawagner@hughes-lopez.com;BM7KYnLbm_;1983-07-17;Daniellehaven
Nicholas Wilson;paula63@gmail.com;#TP^)4Lp_I;1973-01-03;South Lawrence
Laura Juarez;tdavis@harris.net;_uJl2WvP+6;1991-10-19;North Jennifer
Tanya Mcconnell;valerie04@gmail.com;R4fHLKW!(i;1985-05-12;Michelleberg
Mr. Travis Reyes;hunterangela@hotmail.com;IH2Z1EHz#$;2011-11-10;Dayshire
Charles Rodriguez;cindywatkins@smith-greene.info;$0jwfT2ap2;2023-01-30;Castromouth
Joshua Snyder;hinescarlos@arnold.com;)05hHDku00;2016-12-23;North Michael
Jared Guerrero;daviesgail@washington-buchanan.org;3Fg9sG3ub%;1993-12-03;Lake Nancyport
Sherry Sullivan;jenniferrodgers@davis.info;T9MAHGEh)N;1978-01-02;Port David
Phillip Love;ncastaneda@gmail.com;k@j(9MsvH+;1991-08-01;Hollyfort
Stacy Wilkerson;williamsgabrielle@hernandez.com;Oq$Toe8P%1;1996-11-07;West Stevenport
Alexandra Woods;haleeric@powers.com;l60NQ0d&$!;2012-03-12;Port Debraburgh
Molly Clark;leecynthia@yahoo.com;N8bN(Dy##5;2005-04-07;Port Matthew
Andrew Mckay;catherine48@king.com;1DK1MBMi_X;1997-03-09;North James
Diana Wright;sherryevans@yahoo.com;)!*BwRFj8g;1998-11-04;Port Rachelside
Victoria Cole;qodom@james-chen.info;&+6cIsWheK;1980-12-30;Lake Jeffery
Angela Chung;robertbailey@hotmail.com;ObjdF2Wr^4;2015-10-05;North Matthew
Alyssa Silva;kcole@moran-thomas.org;YGOCPOtQ#5;1978-07-19;Colemanhaven
Diane Hernandez;weaversuzanne@yahoo.com;Bc+m7VsS!q;1981-07-05;Port Andrewbury
Antonio Allen;richardsonjon@myers.org;EJ+2HlwDk*;1984-12-13;Port Adam
Scott Adkins;yvonne58@medina.com;+7(IIu34X@;1986-03-01;Petersontown
Robert Craig;rachel79@yahoo.com;w+HjGSDI!3;1998-08-14;Mitchellborough
Caleb Alvarado;joneskristen@gmail.com;^5RgYSMk6^;2008-01-17;North Austinbury
Michael Santiago;hahnvalerie@scott.biz;OC8Kj^Jj*0;1971-10-19;Dawnburgh
Thomas Cruz;angelicatrevino@gmail.com;G^10sKnd4@;1972-07-18;North Diana
Robert Morgan;smithjames@wyatt-long.com;w9QpRg#o%T;2009-06-15;East Amyville
Wesley Davis;ashley78@allen.com;c1wJj6Jzx&;2015-05-13;South Matthewstad
Timothy Curtis;bperez@cross.info;X#6%Y@4cXl;2014-01-16;Port Linda
Tony Carroll;michelle40@gmail.com;(4CjHqy9j(;2015-12-04;New Karenside
Michael Adams;heather90@hotmail.com;I7K0qafT+m;2002-04-08;Mullenport
Sheila Hamilton;vmejia@yahoo.com;9TQemAwJ(s;1983-05-24;Ariasview
Taylor Fisher;jessica17@snow.com;x6lL@hno&#;1978-07-10;East Carol
Ashley Hess;lawrencemahoney@yahoo.com;^7B0wVqMpe;1992-10-13;Olsonville
Sandra Perry;floresalexander@hotmail.com;I59FKs&x)r;2021-06-18;Josephmouth
Jonathan Burton;zjones@yahoo.com;c*&42Iov6F;2018-08-12;Robertsstad
Christopher Cardenas;bwalker@burnett.com;+0Kz7CaQ3);1979-03-23;New Ashleyfort
Cheyenne Black;johnsonmarie@yahoo.com;F+1qDk8yF*;2004-06-11;North Morgan
Nicholas Compton;gharmon@rodriguez.com;!hn8Fx&Gw@;1993-05-17;Port Craigburgh
Terry Thomas;matthew05@yahoo.com;&6%*VHmd$j;1988-12-13;Port Sheilastad
Samantha White;foleykimberly@hotmail.com;B(X%8PSg6&;1977-12-02;Craigfort
Ronnie Allen;nicholasnolan@hotmail.com;W1hOL^j@+1;1995-05-06;Catherineland
Ashley Christensen;david99@howard-sanchez.info;#JUexPTDL9;1990-01-05;South Edgar
Jose Davis;adrianmeza@martinez.com;(4U*bY8vMV;1988-04-25;West Jamesshire
Angela Porter;snydernicole@campbell-rollins.com;_6gZkltsB1;1987-01-17;Riverashire
Eddie Welch;kimberly39@hotmail.com;Ei!h5DxQK!;2009-10-13;East Ashleyside
Margaret Keller;james73@thomas-bennett.com;S0EIl)74(9;2011-03-15;Beckermouth
Jennifer Schmidt DDS;ajackson@gmail.com;&zRfK$men6;1990-06-30;North Rebecca
Joseph Parker;christopher26@carson.com;&52jfblIiO;1991-04-20;Seanville
Hector Harris;wilsonashley@gmail.com;$q2Acg2)m(;1996-12-12;Gilbertmouth
Jennifer Curtis;barrettwilliam@jones.net;3eLzmBiW$P;1991-03-17;Howeland
Nancy Miller;thomas48@coleman-beltran.biz;*)TT0mrc)4;1988-12-26;Angelaborough
Erica Crawford;davisjudy@sharp.com;T(H6X4&p4y;1996-05-17;Kimberlyside
Nicole Kim;owilliams@bowen.com;+5p^GnN&KU;1994-01-13;Port Stephanietown
Rita Buchanan;hendrickstina@hotmail.com;)8q2HMMb#d;1975-07-14;West Anthonyborough
Stacey Massey;wilsonpaula@gmail.com;j$6nANDf5V;2000-08-01;Donnafurt
Laura Palmer;billy21@yahoo.com;6%Sh2#dd1N;1971-09-05;New Richardberg
William Hanson;wcarr@gmail.com;*1WZam^s4w;2005-07-13;West Alexandra
Jodi Fitzgerald;david65@finley.biz;q(37Y%bhtT;1982-05-02;Travisborough
Stephen Harvey;nwilson@bates.com;3sn&ZMlk)C;1976-01-07;Michellefort
Michael Robinson;darrenmiller@riley.com;Ti7N&*No)q;2010-11-07;Suzanneland
Daniel Price;clarkrebecca@hotmail.com;08gy5Ipf$c;1971-08-14;Gonzalezton
Aaron Bishop;mreyes@munoz.biz;wq9@IKf7&m;1991-03-23;Port Juanmouth
Aaron Holt;igraham@hotmail.com;WBObu7dw*0;1991-07-10;Lake Ryanmouth
Sandra Nelson;richard98@clark-ellis.com;bcltFJ&w(1;2022-11-03;North Daniel
Catherine Smith;webbjames@branch-nguyen.com;a4FVaDY1$3;2005-08-23;Port Robert
Mallory Dawson;karen75@gmail.com;)_77crLnqf;2014-09-07;Davidhaven
Randy Mcguire;barbara78@wright.com;NVt%4KJu2I;2005-01-22;East Colton
Joseph Williams;stephanie09@gmail.com;fWIlcEq_)0;2010-10-01;Patrickhaven
Teresa Parker;jeffrey02@gibson.com;@fpr78B65_;1981-11-15;South Nicole
Melissa Hancock;markrichards@nguyen.info;!7J279Xepj;1976-05-17;New Marvinborough
Justin Logan;collinsfrank@valdez.com;S%_X#6Li@z;1992-01-11;South Lorichester
Michelle Gamble;farleymitchell@yahoo.com;ik#&9ESprW;1986-07-20;Katherineton
Joseph Bryant;gsawyer@torres-kelley.com;c1C7wIua&M;1980-03-15;South Melanie
Sean Johnson;aliciapalmer@schmidt-johns.biz;7v69Rtj+M+;1998-12-31;Jacquelinemouth
Anne Anderson;elizabethespinoza@morales-dunn.net;+VWOHt#O57;2014-04-13;Davidborough
Eric Baker;alejandro40@gmail.com;%n5OaA6dp);1979-07-03;North Gregory
Michael Mccall;james50@le.com;05uRK+q0)w;1976-10-23;East Stephanie
David Campos;andersonjasmine@hotmail.com;z8HoMkab#5;2017-07-17;Diazville
Diane Smith;nataliewilson@harris.biz;$@s8Vkab68;1974-06-09;Frazierton
Maria Santana;sanchezcaitlin@gmail.com;6n1p!Rqlb(;1987-07-06;Josephhaven
Mary Hoffman;jordan97@cruz-barnett.com;g3TxRMrA+n;1992-01-20;North Kara
Tracy Thompson;wesley89@thomas.com;$4De6yR+WC;2006-11-07;New Pedroland
Eric Black;laura09@hotmail.com;K)L#(_hd^5;1983-03-21;Sarashire
Donna Poole;reedamber@gmail.com;EtHTREGl+5;1971-08-07;South Julie
Alexander Mccarty;josephschmidt@hotmail.com;^11sWhf%3c;2004-03-16;Rosalesborough
Peter Allen;david13@reyes.net;#Z7v9N0ie(;2009-01-11;North Karenshire
Casey Smith;amanda07@collins-harris.com;3(i9NzbRO$;2013-10-13;Adamsview
Gloria Robbins;wsavage@schneider-hall.com;TF94LTrKn^;1986-03-20;Emilyhaven
Sandra Frederick;steveyates@hotmail.com;%8#VHo*rQ7;2013-08-13;South Brittany
Tami Oneal;matthew27@gmail.com;b$6!vCgavm;1987-12-10;Port Joseph
David Johnson;jeffrey31@cruz-mccullough.com;9dctkZtR_d;2017-07-07;Chaseton
Maxwell Harrison;debramiller@hotmail.com;8K4KMCjQV%;2002-08-08;West Jessica
Nathan Lewis;lynn44@hotmail.com;2HEG$TqK#d;1984-01-04;Schneiderburgh
Jennifer Castillo;jenniferjackson@graham-thompson.info;P^NFGZo24W;2014-06-08;Lake Amy
Amy Reyes;phillip15@gmail.com;xerf9^V5z^;2002-11-15;Greeneville
Keith Potter;beltranjennifer@palmer.com;^51fY#xohH;1997-08-13;West Tyrone
Jennifer Hayes;jameshayes@gmail.com;tfU_o6Ffb_;2000-10-14;Hannahview
Michael Wright;vlopez@williams.org;(XBRdk1_B1;1984-12-02;North Amy
Scott Brock;flucas@yahoo.com;_MF^arz!o8;2012-09-17;North Nancy
Adam Mcguire;williamrose@hotmail.com;2t403Xfi)4;1984-09-18;Nicholastown
David Roberts;renee35@rodriguez.com;(29iRq+B*$;1989-03-17;South Christine
Danielle Smith;bbrown@gray.com;^4EF!de*JU;1992-02-04;Lake Justin
Erin Zavala;qmiller@johnson.com;rWZuyKr**5;2009-11-26;West Thomas
Maureen Brown;wmcbride@hotmail.com;w46nHoTP^J;1981-05-10;South William
Denise Osborne;danielmorgan@hotmail.com;%o$89N(wb4;2018-02-09;Christon
Kenneth Garcia;troyhuynh@gmail.com;DyKG(4MfBu;1974-07-01;Lake Amber
Antonio Fernandez;davidwilliams@gmail.com;+5IDNjEzmZ;1971-09-23;Lake Brendachester
Michelle Hernandez;lmoses@mcmillan-sanders.net;#FHmnA_)#3;2022-06-14;Lake Steven
Spencer Ruiz;james90@powell.info;HNkL6Uggc+;1987-06-10;West Linda
Anthony Rodgers;lauramosley@gutierrez.info;@YBrlDQd@9;2009-01-19;Helentown
Jason Long;john06@gmail.com;P(2VCepc6c;2008-02-17;Jenniferfurt
Kristen Vega;jenniferadams@hotmail.com;%eNU3DnkLT;2022-01-29;Donaldport
James Jones;wardallison@gmail.com;@I&DBpSK3c;1983-03-09;New Erichaven
Ryan Fisher;jeremy57@gmail.com;K9_)^JGa!1;1974-03-05;Port Coleland
Rick Aguirre;ryan72@hotmail.com;6%9Y8POmX@;1973-01-01;Whiteton
Jeffery Richardson;cperry@mcclure.com;+*I^R1mtf7;2009-02-18;Thomasburgh
Kimberly Meyer;pattersonjeffery@gmail.com;(2MvGy@52B;2009-03-14;East Justin
Julie Robinson;jamesdaniel@yahoo.com;j4WqL9bm(G;1979-11-04;Lawrencechester
Michael Mcdonald;davisrandall@yahoo.com;%05RpS%aS%;2023-07-26;Molinaberg
Melissa Spencer;valvarez@yahoo.com;Kf@16wVpfF;1994-03-18;North Brianberg
Sherry Glover;timothysilva@sanchez-frazier.org;7aDbf#VN&9;1991-12-25;West Williammouth
Karen Williams;romeroethan@winters.com;M*2KEzm2NL;2011-11-26;North Ruben
William Simmons;lopeztyler@gmail.com;2EAyj@@n)8;1993-05-25;North Jerryside
Richard Martin;chadoliver@dean.com;&Ws2ZmTxc^;2005-12-08;Jessicachester
Gary Doyle;benjamin83@spears.com;jB_3BlCRSp;1975-02-11;West Christophertown
Anne Reyes;melissalyons@hall.net;J2uVwvp_+m;2010-03-20;New Sandra
Steven Miller;danderson@campbell-mccall.info;22GdL@su^j;1985-08-28;Jordanland
Michelle Marquez;vangjeremiah@doyle.com;#GLQX&ex%8;1970-02-12;Millerside
Travis Winters;williamandrews@benton.org;y^cz47#xWX;1986-10-18;South Timothy
Emily Wagner;howardjulie@yahoo.com;C&jl5AYvR8;1990-09-28;West Tinabury
Matthew Chaney;waltonmegan@snyder.com;&1q_SEZhs7;2002-05-20;South Kayleeborough
Jessica Hatfield;sschultz@martin-sims.org;^8)RT*cepm;2017-09-02;New Rebeccamouth
Dennis Davis;keithrogers@ellis.net;hMp)v8Soka;2023-07-17;Kellychester
Andrea Scott;wrightjames@hotmail.com;Pw#5gFyv(1;2000-09-03;Howardfurt
Jerry Cantu;johncunningham@gmail.com;uCieTFHz%9;1977-12-07;West Rachel
Kristin Wright;ashleykelly@thomas.org;g8URhw(Q(b;1999-05-13;East Jerryport
Laurie English;matthewgilbert@hotmail.com;^iF2Zfm*+J;2014-02-27;Moorestad
Heather Jennings;kylesmith@yahoo.com;_nJ(YVR1D0;1973-02-23;Doylemouth
Jimmy Garcia;gabriellarodgers@martin-bradley.com;18a$N50m@O;1973-10-20;Parkerborough
Ryan Powers;cynthia04@hammond-williams.com;uA6RJfy1_@;2011-06-27;Port Jasonbury
David Chan;bretthouston@williams-dominguez.com;(lj$SGGX07;2021-03-05;West Michael
Angela Wagner;alan37@yahoo.com;_XVKLoU_8N;1990-11-11;Salazarville
Juan Ramirez;noah67@gmail.com;qN*8a0Nh^1;1999-10-29;East Michaelbury
Terri Brewer;cporter@harvey.info;g5Dt5aXu+j;2022-11-18;West Chelseatown
Ashley Price;jeff04@hotmail.com;^SX5K3za@2;2003-04-29;South Johnton
Paul Montes;sarahbates@hotmail.com;#1oBgDnH8w;1971-12-23;Mitchellville
Donna Jones;rking@dougherty.com;YW0I0Nnp));1970-08-18;West Mandy
John Matthews;hoganjohn@ortega.com;*a1*8Ipx44;1989-09-17;South Sharon
Anthony Jackson;erica57@harris.biz;J&6JXoj4cK;1970-11-23;Smithshire
Ian Huff;simmonsstephen@hotmail.com;Hg2rrYQ@s%;2002-05-30;Estesborough
Michael Herrera;cherylstone@james-cortez.com;B6QDAZdM#O;2018-10-02;East Ernest
Patricia Smith;williamsamber@henderson-martin.com;Cp7nVGgua#;2004-10-27;West Carolton
Jonathan Tate;alexasullivan@gmail.com;&TU+h2Dcxs;1999-01-21;Port Seth
Shane Lee;georgewashington@gray.com;)#t7GoeIsZ;1978-08-07;Joelberg
Carol Irwin;jschmidt@gmail.com;&dFCEAWg#0;1988-08-28;Port Larryburgh
Jason Austin;lewiskrystal@harris-harvey.org;ge0@vOyXW_;1976-09-12;North Kimberly
Lisa Moore;darylbrown@yahoo.com;+mBK3Mk%wF;2000-03-05;New Tracy
Alexander Rogers;youngandrew@gmail.com;ghJWTVD8_0;1993-06-28;Oliverport
Jeffrey Jordan;nreed@yahoo.com;zlN6@EP6%4;2017-12-13;North Duane
Caleb Peck;garciasean@green.com;(TG4y9HlN0;2001-06-02;Port Sandra
Jonathon Martin;cooperrachel@elliott.com;FP)9G(o_%!;2006-11-05;West Stephanie
Andrew Miller;rdouglas@hotmail.com;u(4DRl9u!A;1978-03-23;Aguilarland
Katie Farley;sparks@logan.com;uj4&03Bv+i;1980-06-18;Port Kristen
Angel Sawyer;andrea51@gmail.com;@23AgHfK@W;1995-09-18;New Davidberg
Kathleen Perez;adamdavis@jones.org;ut&EO(%v!6;1987-03-14;Port Jonathan
Anthony Pittman;jasontodd@gmail.com;je7OxRrAu!;1993-02-20;Paulton
Timothy King;wswanson@gmail.com;9w1P620NL(;1984-06-12;Jamestown
Jack Allen;jharris@hotmail.com;N&2X4V9WAu;1990-08-25;Boothburgh
Angel Hubbard;chenlisa@walter-gallagher.com;*yCi)wKeB7;1994-02-08;Ericville
Mark Williams;eanderson@hodges-santiago.info;2_1rF!Zqkd;1976-04-02;New Dustinbury
Mary Campbell;hartmankevin@hotmail.com;_*5PlnsceL;1971-01-30;Jennifermouth
Anthony Martinez;gsteele@cervantes-contreras.com;+#Ek3Us@+u;2000-07-12;East Ryanland
Mrs. Lauren Hunter;katrinabass@marshall.net;L$@8XwXpGC;1978-12-28;Taylorview
Robert Collins;lloydlatoya@yahoo.com;811K1tdP@s;2018-12-26;New Diana
Ricky Coleman;sarahmartinez@hotmail.com;bY2Pw#wG&j;1982-11-30;Lake Denniston
Brian Everett;jordansmith@gmail.com;Pu5AFUvI@$;2012-12-03;Port John
Craig Gonzalez;lindseyhughes@smith.net;F2G3VkPsT(;2012-02-19;Spearschester
Ronald Davis;richard62@yahoo.com;%EYh^LHkL8;1973-12-08;New Johnstad
Stephen Williams;brian13@yahoo.com;0)iel0Uu&f;2009-06-15;Douglasborough
Brenda Miller;turneralexis@yahoo.com;$V#NMyBoI9;2020-06-18;West Terri
Levi Cole;markwhite@hotmail.com;H(4dG@tAt^;2007-10-17;Lake Loriberg
Peter Herman;gregory30@snyder.com;E%0Gosdp#C;2008-06-15;Dunnview
April Richards;ramirezgregory@sanders-perez.com;8jAdCcAq(r;1993-06-30;Lake Emilyfurt
Brian Daniels;xguzman@hotmail.com;M4&X+6VW+f;2015-02-11;Reidland
Russell Jennings;kochstephen@gmail.com;X!4fGJzJQG;1977-12-22;Josephhaven
Gloria Terrell;connor51@duncan.org;(bprPshZp4;2023-05-04;Dylanberg
Courtney Kelley;petersmichael@hotmail.com;9(2GIcsx0q;2015-12-09;North Robertside
Edgar Garcia;brianna48@rivera.com;$(dIPCZ^n7;1983-02-18;Josephview
Tammy Garcia;jessica09@odom.com;^2mYewpZNy;1996-11-17;East Stephenfurt
Jerome Robinson;douglasfleming@yahoo.com;!5ptON@kw+;1979-03-10;Lake Brucemouth
Katherine Espinoza;ijones@roberts.com;+W!^22Djm1;2011-05-11;Johnsonburgh
Angela Huang;ashelton@sampson-gonzalez.com;1h&7MUrqMw;1994-07-10;Hoffmanville
Lori Moreno;austinross@martin-andrews.com;4p5SfmpB5#;2015-04-05;South Rodneyview
Rachel Martinez;hansoncharles@norman.biz;(BzHY%Pc1j;2014-04-14;Bushmouth
Michelle Palmer;igalvan@yahoo.com;q+!rT4uq4T;2001-09-28;West Olivia
Sarah Young;kristen10@smith.org;$45K*ePe!d;1992-04-01;North Jeffrey
Haley Frank;russellschaefer@hotmail.com;(b+Nirsp7Z;2003-03-27;East Christinafort
Daniel Mcconnell;jerryholt@hotmail.com;aN0OT@bQ!v;2010-02-23;Port Edward
Patricia Bishop;adam21@pineda.com;po9F0J(R+(;2004-01-01;Lake Kathrynfort
Jasmine Chen;glong@simon-hodges.com;rv7NUAOx)+;1986-04-25;East Hannah
Thomas Pope;brownaudrey@shelton-moore.com;lL1UbRwq_y;1991-11-04;New Justin
Heather Richardson;joshuahatfield@yahoo.com;_SPe9oIq@5;1990-07-26;North Sandraville
Michael Gonzalez;jhutchinson@gmail.com;#jru7JQlsX;2010-08-11;New Jessicaside
Emily Parks;christophersullivan@yahoo.com;!Bb#8BMv5V;2005-12-21;East Michelletown
Jennifer Nunez;nguyenryan@brown.com;$75UqXZj(4;1988-07-17;North Jennifer
Kenneth Townsend;david89@yahoo.com;ZOZ&07Se#e;2021-09-12;Lancebury
David Morris;lisawilliams@gmail.com;96rjkDcv@R;2023-05-26;North Morganhaven
Mrs. Amanda Jimenez;audreyramos@yahoo.com;%(5WphhMT6;2010-12-04;Martinshire
Connor Flowers;buckbrian@wood.biz;7#o0IJ&j5z;1980-06-28;Crystalchester
David Stark;hvaughn@wilkins-jenkins.com;T^ljLYhk^5;2011-10-03;Gibsonville
Elizabeth Blanchard;elliottdenise@mccall.com;$MTVj3AGY8;2013-04-10;Susanville
Joseph Phillips;johnsonvictor@gmail.com;8uFdzH$+(c;1993-01-26;Aliciaside
Stephen Hamilton;nwalker@gmail.com;8xNKw1aH)9;2008-05-24;New Alexandermouth
Bryan Jones;sarah04@phillips-newton.biz;_H#0CPdb_p;2015-08-26;West Christopher
Jonathan Briggs;barbara52@lopez.com;M2IErrbJ$&;2009-12-25;Adrianfurt
Allison Young;gonzalesmichael@smith.info;+98H$MYhxp;2011-03-20;Lindseyfort
Matthew Mckee;cartermelissa@gmail.com;s!4VKDzqF_;1975-10-20;East Kaylastad
Kelly Sanchez;eric48@hotmail.com;x2Gz1DPC$d;2010-05-17;Jacobchester
Jennifer Smith;jessewest@yahoo.com;*(47OOyc$d;1987-04-05;Davisborough
Ronald Rodriguez;patrick39@carter.org;#5S57jMrkj;1984-10-04;Katherineview
Steven Smith;amandahardy@stevenson-vega.net;l%mSA+Qq*3;1982-10-25;Kurtburgh
Craig Beck;chungcathy@gmail.com;55FhACOi$#;1981-02-15;Kevintown
Cody Campbell;garzaphillip@jennings.com;H#8NKEkt+E;1980-05-02;Whiteville
Emily Stanton;nicole33@hotmail.com;G(4WNTXc2K;2013-07-14;Lowebury
John Lee;alexanderthomas@young-leon.net;(vC8UXFq(q;2005-12-21;Hayleytown
Jonathan Martinez;michele31@yahoo.com;sAHxy8bk)8;1973-03-20;Pattersonborough
Kristen Edwards;liwendy@yahoo.com;%GsT6dKh13;2016-06-25;New Chadborough
Andrea Alvarez;rduran@guerrero-davis.biz;!P8ZF_n7%i;2008-07-29;Port Danielburgh
Gabrielle Farley;karina00@alvarez-cline.net;FDQS8dWD&1;1995-08-25;North Matthew
Shelby Brewer;joseph16@yahoo.com;_0rLF^x9ck;1970-07-21;Petersonborough
Allison Kim;evan47@gonzalez.net;D36F!NVp_$;1994-08-09;West Matthewton
Mr. Tyler Shelton;ulyons@yahoo.com;K(6%BasU^L;2014-10-05;Morganstad
Austin Rodriguez;keithwalker@duffy.com;*#5rKRrXnQ;1997-02-10;Whitemouth
Jason Glover;danielledavies@yahoo.com;)768yuOdyg;1973-08-11;Benjaminberg
Joshua Rodriguez;katie17@moreno.com;)@8YunXzMV;1991-05-22;Robertland
Drew Dominguez;tim41@conley.com;l0BJ)MHs^m;1970-05-27;South Edwardton
Robert Johnson;melissalawson@ruiz.com;iL*3AUNv)a;1984-03-29;New Stacyfurt
Carrie Mcdonald;smithmark@walter-shelton.org;$3G#EGuL2@;2013-11-02;Adamschester
Jessica Jones;markwalker@yahoo.com;j8YDd#Oe%y;1979-05-25;New Kimberlytown
Charles Martinez;bellcheryl@gregory.com;jx2Yc4&s*f;2000-08-27;Brandonshire
Valerie Watson;amber74@johnson.org;^vVAc87d99;2013-09-27;Lake Ashleymouth
Sarah Martin;ztaylor@yahoo.com;w@8^KnQj&m;1993-11-16;Diazburgh
Nicole Robinson;leah98@yahoo.com;!lmK1Inbb1;2007-02-23;New Jenniferview
Eric Holloway;millermelissa@gmail.com;8+H1YmJjuB;1980-05-28;North Mary
Thomas Walsh;hendersonjohn@harrison.biz;Q!McQ68rcA;1973-01-13;Lake Lauraview
Christopher Woodard;pettylisa@hotmail.com;2YEjSEm4@6;1987-02-13;South Sierra
Jamie Nelson;wellssarah@gmail.com;TijlR9HF_@;1972-10-22;Shawnside
Scott Soto;jasonrobbins@roberson.com;!6Xr6ABqZ5;2009-11-06;South Jessicaborough
Michael May;leefoster@gmail.com;Ao5GwZu+*B;2010-06-03;Ericland
Peter Richards;sheilawilliams@yahoo.com;$%QzHqdW0b;1983-05-02;North David
Cathy Mccarthy;vwatson@yahoo.com;QWyIg9Dtj&;2019-11-28;Mccartymouth
Jennifer Hughes;medinamark@hotmail.com;5E4iaJfK$+;2015-06-13;Johnfurt
Dawn Hernandez;yclarke@lynch.com;+El3W%Nu)z;2023-03-18;West Jacob
Christopher Jackson;dfisher@bolton.biz;$a2(dvUpyG;1996-04-25;North Samanthaside
Joshua Morris;simonmary@hotmail.com;%*nGjOsxa1;1980-11-02;East Andrew
Patricia Hernandez;dylanevans@williamson.com;!_83MCi7uZ;1986-09-01;New Kevin
Tyler Lee;derrick26@yahoo.com;Y!cP_0ZdGr;1979-02-06;East Markfort
Tracy Huff;bentleyjacob@gmail.com;9(XMjJh0%I;1972-12-01;New Ashleyside
Bob Miller;eharris@yahoo.com;z!T%#3TknR;1989-07-12;New Justinbury
Larry Moreno;michaelcabrera@ray-johnson.info;s6fln6Je$k;2009-03-17;North Jaimefort
Brett Barnett;brianlee@hotmail.com;_T8m8gQbcQ;1998-12-17;North Richard
Bruce Robinson;joshua86@yahoo.com;#B&0JBhsL2;1996-08-25;North Evanchester
Debra Peters;todddecker@gmail.com;o3pH8Cd^@0;1997-10-29;Murrayport
Kyle Hernandez;cervanteskristina@warren-velasquez.com;(swODuR6i8;1974-10-15;Farrellstad
Larry Brown;bmartinez@glenn.com;$x*BAuZy(9;1996-10-08;Martinstad
Jonathan Olson;yrobinson@yahoo.com;*46PaSvz*O;2017-08-12;Tracyport
Thomas Howard;mark53@yahoo.com;o2opzAO6*T;1981-06-20;Austinberg
Brenda Anderson;thoward@lindsey.org;7c6$zZ9H!7;1983-09-10;Dariusfort
Christine Ramirez;hansenashley@yahoo.com;K#4M#QoDuo;2006-06-14;East Brandonstad
Jennifer Caldwell;mbennett@hines.com;YfLZQOMm#5;1970-10-29;Craigburgh
Patricia Cole;ashleysmith@russell.net;&$0yVEwWqR;2005-10-05;Deniseland
William Vargas;davistammy@gmail.com;8u*8N%+yZ@;2008-07-12;New Johnshire
Jason Cline;josephwilliams@hotmail.com;$Q!0Aymup1;1978-10-23;Lake Michelleland
Dylan Clark;morgan65@yahoo.com;%7Fs3ljT*A;1970-05-25;North Melvin
Amy Palmer;nathannelson@gmail.com;X%W0nEordk;1985-02-14;South Jennifer
Bonnie Jackson;sarah49@shepard.com;pKT7UOqle_;2006-08-31;Port Christopher
David Moore;brandon03@phillips-valencia.info;GD04Hrxm_8;2005-11-01;Sheilashire
Ashley Davis;amyvargas@hotmail.com;)0sjljJ_Lm;1981-02-12;Dorisport
Jason Lee;julie83@torres.com;$5(4CrfaM);1993-12-30;Hallview
David Dunn;ericaperez@ayala-thomas.biz;S0CpPgVl&1;2013-12-12;New Lisaside
David Walter;malikpham@peters.com;&7T*8Uo3l!;1990-11-17;Riveramouth
Lauren Green;jessicaweaver@gmail.com;#6zrNitMV8;1980-11-19;Samanthashire
Dennis Blevins;rebecca05@campbell-nguyen.net;+xm9WtuVf@;1983-04-16;South Nathanielberg
Zachary Bell;sarah84@chambers.biz;6#3UzAooRz;1993-10-04;Howardview
Alexandra Whitehead;silvajackie@neal.info;^MQ9V4CxSi;2021-11-15;Lake Richard
Robert Smith;qwilson@jensen.com;$DPWbON9P3;1977-09-24;South Charles
James Davis;vfuller@yahoo.com;#3PgDIj)+2;1975-04-09;Wilsonland
Andrea Smith;nblack@hotmail.com;0wCELayc*g;1977-02-22;Lisafurt
Misty Gibson;amandapayne@gmail.com;)#36OvEpb*;1977-09-20;Lewistown
Rebecca Brown;stantonjames@francis.com;*8pNfYD2Yn;1973-01-22;Montgomeryview
Rachel Moore;kevin21@zimmerman-stone.com;Y&87rMM#Pd;1979-07-07;Lake Jodifurt
Billy Shelton;hobbsethan@gmail.com;&*W5TQYb*Y;2013-05-25;Lake Tiffany
Nichole Palmer;xwells@banks.com;k%fPo2tb_2;1996-06-16;Michaelbury
Edward Lamb;bryce91@dunn-richards.info;B4D&jvw)@E;1970-07-23;North Ethan
Karen Chen;andrew45@gmail.com;^50YU!xcW9;2009-05-10;Jameston
Maria Green;edwin15@gmail.com;3!0GZ_ejVA;1992-03-25;Amyville
Matthew Jones;eedwards@watson.info;pYm3y6Sr(Z;2020-09-14;New Michele
Laura Morgan;daviswalter@gray.com;*aYP1m+&4Y;1992-02-04;Davisport
Melissa Richardson;paul53@robinson-hunter.biz;C*I1INrk%V;1994-11-29;Millerburgh
Carol Baker;howesamantha@wagner.net;w9)GoVFn%v;1982-07-15;Moralesshire
Jessica Harding;stevenmunoz@hotmail.com;93P*QhnY)5;1981-11-14;Derrickstad
Gregory Rodriguez;daughertydanielle@buckley.com;(FgzRqpLB3;1980-05-05;Kellyburgh
Thomas Cummings;johnhodges@rosario-williams.com;_7@4pNdZ!u;1984-12-29;Brewerborough
Heather Chan;rodriguezstephen@gmail.com;fDeVy3qF!0;2001-12-26;New Johnport
Melissa Castillo;ejohnson@hotmail.com;8mP5mgg&&z;2011-05-25;Courtneyborough
James Rivera;fvilla@rojas-anderson.com;P$07Rfg0X7;2012-01-09;South Jamesmouth
Roger Robinson;woodsjason@mcdaniel.com;H0i2LIg&^Z;2014-12-26;Sarafurt
Katie Harvey PhD;cguzman@willis-johnson.com;&8UU!iQn^K;1972-02-10;South Brandon
William Hernandez;stacey59@cooke-davis.com;%pC2XWj84H;1978-12-08;Harrisonshire
Sheila Phillips;michaelhall@yahoo.com;o0AP1QMx@W;2009-12-26;Amytown
Patricia Sullivan;stephanie97@gmail.com;bu^57fVhO#;1988-06-17;West Amandahaven
Todd Pierce;garretthannah@yahoo.com;%5Za0Y)sBw;1993-08-01;Harveyfort
Lisa Robinson;christopher99@hotmail.com;kPz53P6bq+;1975-02-17;Hinesmouth
Mr. Sean Washington;jessicalee@davis.com;BhKu5M2rk_;1974-02-02;Sabrinashire
Colleen Jones MD;christopher68@abbott-wood.biz;vZZ&52CguX;2016-07-16;Reedberg
Rhonda Gonzales;joelcameron@anderson.info;)2CGIB7)zl;1989-04-27;Wardview
Brandon Carroll;douglasblevins@gmail.com;m2RmBXpy%Z;2009-11-07;Ashleyfurt
Gwendolyn Cox;rachael36@hawkins.biz;O$U7)YGwA+;1987-05-05;Lake Kimberly
Robert Smith;jenkinschristopher@ryan.info;u)7k8S8uAE;2023-07-15;Clarkville
Joseph Cervantes;garciamary@yahoo.com;d$t+0Vjm*G;2012-06-17;West Charles
Joseph Bailey;mroberts@yahoo.com;y$8FehrpBO;2003-02-28;Port Josephmouth
Gabriel Schneider;hamiltonbruce@johnson-holland.info;wM)5INBom+;1977-09-17;Jameschester
Allison Carrillo;masondiana@campos-dickson.info;@3KpBo5T9H;1990-09-24;Transide
Gregory Ward;adrianmeyer@adams.com;Km4lk)Iwm#;1986-06-13;Taramouth
Anne Ray;mark14@wilson.com;1W_D@1Uk&q;2017-09-09;South Dalemouth
Michael Ruiz;willie43@gmail.com;f#9CLGQ5hm;1994-12-23;South Jennifer
Ashley Anderson;whinton@yahoo.com;23pNKa!i!6;2000-11-01;Meyertown
Amy Brown;pfox@ferguson.info;M#pZv1Pir#;2020-01-06;North Kristen
Gregory Paul;donaldsonamy@walker.org;$C7Y9WJe8R;1979-03-09;Lake Marc
Brian Morris;danderson@davis.com;3rBNkujn^m;2016-09-01;South Kennethberg
Beth Morrison;ymitchell@hotmail.com;o74)Kaic!_;1974-09-03;Micheletown
Mr. Manuel Cook Jr.;haynesdawn@sparks.com;T3a4J1dA#u;1990-10-03;North Michael
Christopher Owens;jevans@harrington.net;&dN7QVws7_;2012-12-29;Darrellburgh
Stephanie Vasquez;millerbarbara@morris-moody.biz;X*Id^POmk6;2019-01-01;Powersland
Kevin Cabrera;sandra00@gmail.com;#O1tt6Luw$;2022-10-02;Lake Barbarahaven
Abigail Hurst;smithvanessa@harris.com;G59Wu7Pp$J;1973-10-14;East Caleb
Nancy Smith;eroman@gmail.com;)1Zm8lz(%W;1989-05-28;Williamstown
Sarah Sosa;gina10@brown.net;tykTH9BnH#;1989-05-01;Carneyberg
Guy Montgomery;shannonhines@gmail.com;9!1RYZEn!q;2022-05-02;Terryville
Rhonda Kelly;suzannecobb@yahoo.com;BN2Ws5RYu%;2012-09-20;North John
Carolyn Cannon;spencerwinters@jones.com;dlwYgWFz+1;1971-12-26;New Georgeport
Bobby Morton;deannicholas@hotmail.com;m80nODOb7$;2002-10-29;New Michaelborough
Rebecca Perez;thomasturner@hotmail.com;g#6KXeTbs(;2001-01-11;Lake Pamela
Alexander Williams;sandra08@hotmail.com;&*JS)5Ya3$;1989-06-20;North Sean
Victoria Greene;thodges@estrada.com;Q+%r6wBb)N;2015-01-27;Robertville
Kevin Walters;huangdenise@yahoo.com;!T1F8aHN)!;1992-07-17;Williamsmouth
Justin Stewart;fbauer@hardy-butler.com;#3EVZ!kc^b;2023-07-14;South Elizabethland
Connor Alvarez;elliottdaniel@yahoo.com;Xp&63MfD!O;1998-07-11;Arnoldfort
Stephanie Adams;aaronrose@young.info;u2OHde_J+x;1970-10-30;Martinezhaven
Joseph Walton;steventaylor@graves-harris.biz;4F@3PwUC&V;2000-08-03;Lake Brittany
Linda Strickland;cglover@orozco.com;_#2Ytb@XKh;1978-12-08;Port James
Dorothy Cannon;greeneryan@gmail.com;#0UZ!7fb$h;1998-04-22;South Christyville
Christine Bender;carol29@gmail.com;I1ZMvqSo$F;2023-03-04;South Shaunchester
Lindsay Garza;rodneykim@gmail.com;5WTuC#uo&d;1971-12-21;Port Paul
Patrick Nelson;ymercer@hotmail.com;n0IKTZH8#k;1973-04-04;Lucerohaven
Zachary Solis;carterchristopher@montoya.com;H8+5JmY6Vu;1984-07-14;Port Robin
Michelle Padilla;pamela23@smith-pacheco.com;%cJDJE$n36;1974-02-27;New Jodi
Alison Parker;zphillips@gmail.com;%XQFUXpp!6;1989-01-12;Lake Peggy
George Smith;christophermejia@wright-ray.com;9iKf4hKz&K;2003-07-30;West Danny
Marcus Coleman;holmesmichael@hotmail.com;(v8q4DNtq);2012-11-26;Mooreville
James Graham;blynch@gmail.com;k9U*7GXlGK;1995-10-04;Porterland
Dr. Amy Stone;martinezdustin@gmail.com;#!b%3mPczS;1994-07-30;West Rachel
Rebecca Schaefer;travis57@norman-bass.info;!fQQpZhn^0;2011-11-22;Randytown
Megan Nicholson;fischertrevor@riddle.com;kBv5UJkYb$;1997-01-13;Lake Jacqueline
Stuart Martinez;bbryant@yahoo.com;*83++qVHj+;2004-03-16;Lunahaven
William Smith;ralphtaylor@day-patel.org;B&5BGwsrOO;2008-09-12;Melissaborough
Kimberly Foley;jaimemills@yahoo.com;3)17Y@b7PU;1994-05-20;South Veronicamouth
Toni Johnson;rmcintosh@hotmail.com;xSIOs8Mk%L;2009-08-29;West Bianca
Betty Edwards;debraavila@mullins.com;@0gCU#g@6B;2008-01-07;Lake Aliciaton
Marc Martinez;vwatkins@yahoo.com;X$^0Yz0Y(n;1997-12-08;Vanessaborough
Matthew Hicks;seanswanson@lucas.com;)2GuLlxOeJ;1997-11-03;Rioston
William Morales;paul91@gardner.com;p2ADDuKC#9;1998-05-21;New Richard
Edward Mitchell;pfisher@brown.info;(W4T#Kuw!x;1987-09-21;Connorfurt
John Hays;foxmia@yahoo.com;F4!p!txk!M;1987-01-06;West Joel
Amber Rhodes;sarah34@campbell.com;_!%U$JCtW7;1985-08-23;Kennethmouth
Ernest Benson;dwayneblake@dudley-moore.info;wy59ZOm#+V;1993-03-18;Fletcherberg
Colton Hart;smithstephanie@russo-wu.info;#F)wM_^_w7;1971-06-23;Lake Ashley
Julie Stark;pgoodman@morales.biz;^f$eQkUa53;2008-10-29;Serranoburgh
Jacob Thomas;xclark@gmail.com;!5Zo@iWuy@;1986-02-07;East Charlottestad
David Reed;dennis35@gmail.com;+1+xXTqy(g;1983-12-25;West Kevin
Nicholas Frazier;helenbrown@vazquez.com;!_xSLgPm1r;1990-08-11;Ginabury
Karen Zhang;edwardkeith@yahoo.com;#7oYz7cnT);1995-08-13;Lozanohaven
Samuel Walters;wriggs@yahoo.com;*1Sh!1ubOI;2013-08-23;East Gary
Donald Gutierrez;longandrea@roth.com;G^W7)Ia8!e;1979-04-08;Lake Joe
Joshua Smith;whitejoshua@gates-marshall.com;Zfv7OT&a__;2022-09-05;West Ashleychester
Katie Bright;smithstephanie@gmail.com;l(9YWBpFwE;2001-10-04;North Melissaport
Cody Wright;randallsparks@cowan.net;kDb3%KjO^$;1970-09-28;Petersonbury
Yolanda Hamilton;christyatkinson@gmail.com;VUhK5MNi%4;2022-05-28;West Mark
Michael Briggs;jason67@richardson.net;iZF6Zq7Rj(;1978-01-28;Tiffanymouth
Elizabeth Willis;jbrown@gmail.com;Uw&H1qNe1V;1977-04-23;Eugenefort
Joshua Hoffman;alexis48@white.net;J&3FLjAH+J;1979-07-17;North Jerome
Paul Hall DDS;gobrien@hotmail.com;V06Yk)mBz);1991-01-06;East Debbiemouth
Tara Monroe;lindaduran@hotmail.com;P@kw1GAi)5;2015-06-05;Blakeborough
Terry Macias;timothy42@gmail.com;(4j7UEp+ld;2022-02-26;Richardsonchester
Seth Lowe;matthew26@kelley.com;(#SZfFfCo8;1976-07-25;Angelaville
Wayne Everett;kimberlyhenry@boyd.biz;@0hH8F#83w;2004-07-01;Grahamside
Michelle Simmons;zanderson@leon.com;7ekLiOv0#J;1976-06-18;North Jennifershire
Margaret Davenport;griffinleah@yates.info;2(jz9RrR%$;1978-07-30;New Michelle
Mike Richards;williamsmichael@lowe.com;Y^0u9gmr)H;2006-07-16;Fowlerland
Brandy Becker;sheilacarey@williamson.com;h7ETbjoF&7;1978-05-24;New Gregory
Brian Campbell;dmartin@white.com;l7hArXok*o;1983-05-29;New William
Amy Parker;beckerlee@gmail.com;4_56ZIwl&d;2009-09-05;Blevinsville
Monique Olson;ericaguerrero@craig.info;+O9pAZ(uEd;1996-07-02;Thompsonstad
Christopher Butler;brianbrooks@moore-jacobs.org;&6$Q6NutgV;2017-06-23;East Briannamouth
Kevin Freeman;dillonpatricia@holder-chavez.net;f95yAPy2(O;2011-04-12;Michelleton
Diana Barker;richard01@webb-jefferson.com;(J7JI78yeg;2011-07-25;North Shannon
William Reid;crystal70@yahoo.com;uj7S6StV%$;1978-06-25;North Kennethport
Margaret Harvey;mathewhill@gmail.com;^fvwP9!9R1;2011-08-08;Port Joseph
Christian Noble;michael87@sims-riley.com;*w7sQ7cBDk;2023-09-02;Williamsport
Chelsea Martin;christinejohnson@hotmail.com;rEcUbp5W_7;2008-02-11;Port Amytown
Leslie Taylor;dennis91@wilson.org;F8tVd*0C%P;1978-03-02;Cooperburgh
James Brown;matthewlewis@fox-peterson.net;3lglF&Ro#l;1987-12-06;Erneststad
Edwin Moore;timothyharris@hotmail.com;_R7F#WRoj*;1992-04-25;Nicholeland
Vanessa Scott;markjennings@yahoo.com;@#J!uBQ9T5;1985-08-27;West Amandaberg
Chase Lang;mwade@norman.com;Ma4jeYhOA(;1980-09-17;Phillipland
Robert Orr;zbell@hotmail.com;_iaObJ9v07;2016-05-18;South Mary
Eric Daniels Jr.;dgentry@yahoo.com;2WR5ZHkv4_;1982-06-15;Hernandezborough
Bradley Long;ugregory@gmail.com;&VpUWV!h8U;1983-01-17;Port Johnchester
Melissa Washington;briankramer@hotmail.com;_7a1uDfxwi;2002-10-08;East Wendybury
Christopher Mcdowell;jrodgers@yahoo.com;gR)1BfH3_8;2022-03-31;Santosport
Gary Garza;brownjennifer@yahoo.com;)7YG62fT3g;2002-10-30;Simmonsberg
Cassandra Cook;sanchezmatthew@aguilar-sanders.com;SW_r4ZkJh_;1992-07-11;New Francisco
James Copeland;deborah12@ho-deleon.info;lG2Vc(E7d@;1982-11-08;New Robertview
Amanda Smith;robert80@gmail.com;^0MJLdXgO9;2009-05-15;Smithmouth
Joshua Wu;michael27@bishop.com;#cmH+18DZ8;1976-06-01;East Jennifer
Andrew Moore;theresagarcia@hotmail.com;RvRc%3RlnI;1972-08-21;Shepherdton
Louis Lee;bendermelissa@davis-wiley.net;)5qTQnK@iU;1990-07-02;Port Samanthabury
Joel Jones;sarah72@yahoo.com;sh&fY0l)^5;1970-02-06;West John
Edward Dunn;randy31@armstrong-barber.com;_$SaR+zzS7;2016-12-23;North Carol
Robert Wilson;kim72@hotmail.com;)$aBr%cHh4;1992-07-17;East Ryan
Ian Petty;brandi51@moore-dorsey.biz;*2(yJjAJb#;1971-07-03;North Anthony
Lisa Williams;awoods@gmail.com;#J3*6@Ktv9;1992-07-05;Whiteburgh
Lawrence Fisher;brent15@terry.com;!0qYDDXl+n;1979-07-02;Andrewberg
Tiffany Brown;michaelcarroll@hotmail.com;#s9UobZ6$0;2014-07-30;Port Peterfurt
Kristen Johnson;mendezmichael@cunningham.com;J%6kzH(aW+;1997-04-26;Lake Jesseport
Michael Rivera DDS;rebecca78@yahoo.com;hV&4Xu(FB7;2004-12-07;West Colinview
Elizabeth Armstrong;joshuacollins@scott.com;Ml1v#@RpQ*;1975-03-17;North Joshuamouth
Kevin Gonzalez;mary74@tyler-brown.com;)n12PLUwnJ;2019-10-23;West Aprilview
Kim Turner;tony14@yahoo.com;#22@#sOvux;1981-05-13;Timothymouth
Juan Perez;vjohnson@hotmail.com;1c+m$jXv_*;1973-01-10;Lynnside
Crystal Sanders;glennjohn@parsons-mills.info;ZdK2Zbxkq_;1991-01-25;Kellishire
Jason Blake;chaveztracy@gmail.com;%t3gwIf4IS;1971-09-25;Port Robertville
Richard Martinez;stevejohnson@woodard.com;2DXT3Ozx%#;2002-01-08;Alexisview
James Johnson;christopherwalker@stephens.com;3!6Xpwu+@f;2011-07-24;Lake Crystalfort
Kelly Rice;glennbates@hotmail.com;@+77Y&Mcdt;1994-03-17;North Jennifer
Ellen Allen;nancywilliamson@jones.com;%PgVZ7mu1!;1985-06-13;Lake Williamfort
Robin Clayton;victoriaclark@hotmail.com;!1pWtrP(9*;1997-12-02;Nicholasland
Donna Mejia;ovega@barr.com;yR8AphB_@1;1971-03-30;New Jeremy
Cheryl Harris;williamsaunders@hotmail.com;#5&G3@LmiY;1988-12-30;New Dustin
Mr. Patrick Fernandez;latoyajames@yahoo.com;H763L8hS*n;1993-12-04;West Jamie
Heather Evans;ambermercado@valencia.net;*2SlEsncmx;1989-03-12;Michaelborough
Melanie Gross;qhoffman@castro-walsh.biz;#58sSinF_r;2007-11-28;West Alexanderview
Debra Smith;sbrowning@hotmail.com;a$5pY@+a4_;2009-10-19;South Amanda
Leslie Smith;danielle10@foster.com;TtrC3YyrB#;1985-05-25;Carrbury
Madeline Bridges;mcdonaldjason@hotmail.com;J5&8!GsL5M;1991-04-18;West Brianborough
Howard Holland;mwheeler@yahoo.com;^u!OTKQi8x;2009-10-17;West Saraburgh
Yolanda Gomez;yolandajenkins@hotmail.com;)W6$JHNlS%;2003-05-25;Guerreromouth
James Orr;luis74@brown.com;*T9O!pr9)Z;2020-06-30;Butlerhaven
Albert Rodriguez;mbrown@yahoo.com;q#9Hux1#@u;2005-12-13;East Nathaniel
Richard Mayo;mvalentine@hotmail.com;H6_5TSGwZ0;1980-06-03;East Henry
Marie Watts;roseramirez@miller-berry.com;r2O8KBsF+j;1991-03-04;North Jessicamouth
Mary Myers;bennettdanielle@yahoo.com;%Sr8Fikrsy;1998-10-15;North Pam
Michael Taylor;jasonharris@castillo.com;%^9EPgm9K9;1970-08-31;Michaelview
Keith Bailey;bmartin@gmail.com;71EA6^I!^h;1998-04-10;Alexisside
Jacqueline Lee;jramirez@green.com;^lgUJC1W8u;1995-09-23;Lake Carolyn
Samuel Williams;zacharyarroyo@gmail.com;a#t9BwRlQq;2016-12-08;Frederickshire
Valerie Patel;anthonybell@hotmail.com;+9FJGj9b+A;2008-04-19;Karenland
James Acevedo;kathryn93@meyer.com;%7b%Flv7D8;1974-01-23;New Bethany
Julie Lee;djohnson@yahoo.com;8$@SN5Yt*W;2011-07-10;South Eric
Bradley Cameron;jwood@walker.com;N$x1I)ja%B;2006-11-06;Scottview
Sara Weaver;davidmathis@gmail.com;__1UlBHY%S;1981-07-16;South Mary
Mr. Jose Yang DVM;gmarshall@yahoo.com;$r70RzVogO;1974-07-03;Brennanmouth
Jessica Davis;usmith@scott.net;_9^0Bks+r1;1986-07-29;Coxtown
Raymond Moran;elizabethnash@maddox-farrell.com;#9OygHco_k;1993-09-17;East Catherine
Valerie Brooks;ewagner@jones-mcpherson.info;X1SEjfv3^t;2010-06-01;New Shelly
Melinda Lowe;sweeneybrett@garcia-porter.com;5^4HL9*xYF;2003-10-21;Schultzstad
Nicholas Gilmore;cmcgrath@brooks.com;X+P5VeB!6_;1972-12-04;North Matthewmouth
Megan Osborne;adammoore@adams.com;H3P9CrN4*K;1975-01-30;Ramirezberg
James Sanders;anthony52@yahoo.com;_95tdUjDZ7;1991-06-29;South Tammy
Jennifer Brown;coxsteve@moody-carter.com;**0ZSBMvO2;1973-11-06;Gregoryborough
Caitlin Torres;zbell@hotmail.com;^071I!ipZ5;1987-06-27;Davidstad
Brenda Ramirez;grahamcourtney@phillips-ellison.net;X_cp3Niu*c;1970-07-27;Danielbury
Lori Davis;dominguezrachel@gmail.com;@6DYKj3m(+;1995-06-04;Elizabethbury
Todd Hale;martinezmadison@rodriguez.info;bpX4WME_c@;2012-12-20;New Michaelchester
Calvin Miller;duranrandy@bryant.org;&Jv&aLbGr6;2022-03-11;Hillborough
Kimberly Acosta;rogerskeith@hotmail.com;w)s01ArP_a;2013-07-09;North Michael
Bobby Montgomery;hsmith@gmail.com;0(@3Gil7y%;1980-06-16;Mooreton
Amy Wang;alisonprince@hotmail.com;(_M5R#e8E8;2000-03-14;West Markbury
Emma Pearson;philip23@hotmail.com;ytuX%5GwKA;1982-12-29;Joelborough
Sean Stephens;katiebrown@gmail.com;4#4dGCcxKl;2006-05-06;Port Monicachester
Mr. Patrick Meyers;kjohnson@yahoo.com;&(f2@aUsMB;2010-02-18;Tuckerfort
Mary Payne;harrisdenise@white.info;)S^3OLq&_C;1989-10-05;Port Marthafurt
Bernard Schroeder;ryan22@gmail.com;)&5GMOymc#;1977-08-18;Bautistaville
Douglas Shaw;elizabeth85@yahoo.com;3f)ye0L+m_;1993-04-29;Chavezmouth
Cheryl Jones;juliecameron@potter.com;%!Y1Ozz_Tb;1990-10-18;Kellieberg
Lawrence Caldwell;lyonsmaria@ortega.com;R1QHnIK!!E;1997-10-05;Hortonstad
Lisa Hudson;tnguyen@yahoo.com;Vf+*8UkGE_;1998-02-14;New Eric
David Estrada;zsanchez@yahoo.com;0)7Yjvx(!j;1989-12-14;Valerieton
Austin Chapman;alopez@gmail.com;Ew*5MLldNL;2016-08-06;Harrisland
Carol Gutierrez;wcastillo@gmail.com;x5oK#u@T^N;1976-11-03;Harrisport
Alexander Williams;samantha49@martin.com;)&4i3$td!R;1987-07-09;Vincentchester
Nicholas Hayes;anna22@hotmail.com;hk5EfJhW^Q;1994-07-21;Olsonville
Jacob Oliver;maryrobles@hotmail.com;G2K4RsCv&$;1986-08-01;South Stephen
Brittany Nelson;savannah95@yahoo.com;#oGFzAlyi5;1999-10-28;New Tracy
Christopher Lee;vharris@yahoo.com;1^71&Cxw^4;2015-03-29;New Michael
Dennis Wilson;hannah06@yahoo.com;*5&2B)q9)5;1971-01-11;North Michaelmouth
Jeremiah Finley;lschmidt@gmail.com;_4p$#g3sIX;1981-11-30;North Juan
Jasmine Smith;alexandra60@miller-white.com;)p0SLazn!K;2019-06-07;Shermanchester
Douglas Spencer;rhodesmolly@gmail.com;+y76*W&)%%;2001-07-06;Butlerhaven
Samantha Moore;bradleyhill@coleman.com;r&S2Le^M9P;2006-11-02;Toddport
Valerie Ramirez;samanthajones@hotmail.com;&sp%A#IGt0;1978-09-22;East Anthonyland
Charlotte Anderson;duranrachel@gmail.com;7@93RMg&en;1970-08-24;New Kellyborough
Dean Ellis;courtneysalinas@hotmail.com;0r0M7P5a)t;2010-04-05;Wendyside
Joseph Anderson;browndaniel@hall.com;X1i#cqix&V;2008-11-05;Justinfurt
Tammy Alexander;williammitchell@gmail.com;8kkEHEMj+r;1990-03-01;North Hector
Luke Thomas;yjohnson@gmail.com;_0G#Nvd+gy;1980-06-20;Erikafurt
Jesse Bowman;henryadams@fox-harris.com;F!4&0Fvh9O;1970-04-06;West Kaitlyn
Christopher Klein;ydelgado@rose-wright.net;F)6KiKNqA@;2006-10-24;Michaelchester
Crystal Thompson;blackburnjeff@yahoo.com;VC+8YUkdo&;1997-07-13;Lake Adammouth
Jeffrey Parker;rgray@duncan.com;kR96TefiU$;1983-03-02;Wesleyton
Michelle Lyons;bryankenneth@yahoo.com;KF^_eDgN@3;2011-01-24;North Travisland
Robert Miller;laura31@anderson-perry.com;!Pg0@Oallr;1978-07-14;Hamiltonmouth
Melissa Pierce;davidjones@valenzuela-oneal.com;OI4H0y07R^;2010-03-16;Lake Elizabeth
Alicia Morton;ruthalvarez@harris.com;q+7jCQUh)q;1985-09-03;Sergiomouth
Stacy Pace;kjackson@yahoo.com;!94Ev9eBMZ;1982-01-02;Martinport
Samantha Humphrey;jamiejohnson@owens-norman.com;$X9PU8gEQ2;1984-12-14;South Christopherbury
Carla Murphy;rburns@marks.com;9&u5LQu$aH;1989-02-03;Jonesfurt
Pamela Contreras;carlabullock@yahoo.com;)fCWDZqkl8;2005-01-28;Mccoyburgh
Alicia Jenkins;sbass@gmail.com;pR(is2Jh2*;1976-04-22;West Lisabury
Christian Sullivan;emily38@cook.com;5_3JipkQ(5;1990-04-19;Port Josephmouth
Fernando Lane;brianford@arnold.com;^%&jV(f*q6;1974-12-13;Maryside
Michelle Brown;debrajohnson@hotmail.com;87mSyLaL!H;2009-02-08;Ralphburgh
Michelle Downs;marshallraymond@gmail.com;u4c^BybQ+q;2002-02-24;Wilsonport
Susan Dunn;halldiana@gmail.com;%V^1ozPw9m;2015-09-02;South Mollyton
Steven Carey;jessica97@yahoo.com;F2@r1Wd*)D;2020-01-29;East Amber
Adam Miller;rebeccaarnold@mills.com;i5*bkQyw(k;1975-01-26;West Donnaberg
Kenneth Ward;tpeterson@knight.info;N^3YpTyVX!;2015-08-20;East Michael
Christopher Olson;lewistammy@yahoo.com;*7Z5IbeygM;2012-02-02;East Darrylborough
Billy Clayton;kevinhall@martin.com;VZ6vC&xd6(;1981-05-04;Port Traceymouth
Ashley Valdez;wcooper@hotmail.com;!K!)k+Yy3V;1976-09-17;Williamberg
Jamie Jimenez;mjones@hotmail.com;O!1lZJfFUk;1996-02-25;Thomasside
Kylie Wilson;vgrant@gmail.com;(RW53z^l70;1975-07-15;West Deborah
Mr. Alex Bryant;justin33@walker.net;@l9gY0Uvr0;2007-04-29;Lake Jessicaborough
Katherine Davis;graysherry@thompson-meyer.com;+F)KyEh^f3;2016-12-30;Justinborough
Patricia Martinez;xolsen@cain-williams.com;62M7&i)4!U;2002-10-25;New Theodore
Eric Martin;timothyjones@joseph.net;s%er8X8w^K;2015-09-07;Huntburgh
Veronica Mullen;hruiz@johnson.biz;@o2mJR!p46;1983-11-24;North Zacharyburgh
Troy Gray;lawrence41@hotmail.com;#6jbflKsS1;1979-04-04;Hallmouth
Mark Alexander;brownlorraine@hotmail.com;2m!#^PCe%Z;2016-07-28;West Amy
Olivia Valdez;matthewsbenjamin@yahoo.com;t31W+!io(#;1995-08-20;Jameston
Mike Nguyen;quinnpedro@yates.com;$4hIE#@LZf;1988-06-08;New Lindastad
Samantha Butler;michael65@gmail.com;i7xudfHh#U;1982-09-20;Tranborough
Bonnie Cardenas;daniel45@hotmail.com;YT11stFj!Z;2017-12-08;North Tyler
Eric Williams;hendrixjoshua@hoffman.com;!u!%t@jCB6;2013-08-10;Brentberg
Paul Wagner;leejames@hotmail.com;iCTE5RCg*5;2011-10-31;Dennisstad
Dorothy Richardson;ykelly@gmail.com;+@Ie0LRNvd;1986-03-15;Port Barbaraburgh
Jessica Fitzgerald;vlopez@gmail.com;5P2Xtw(N@x;1982-12-11;West Michellestad
Jay Thomas;browngerald@yahoo.com;_SPfvyG3d2;2010-03-04;Ellischester
Michael Mcdaniel;abigailphelps@short.com;Wm@1GSumD_;1988-05-14;Woodwardtown
Maria Brown;deborah13@washington.org;qSx8Ksdk)v;2021-02-10;South Melissaberg
Allison Lucas;moorebrittany@carter.org;)wBjNwG)8p;1986-03-01;Nancyberg
Michael Little;georgemccarty@parks.info;*6%OCy0BqS;2006-08-28;North Thomas
Elizabeth Thomas;ashley94@gmail.com;XC4xYVqI(8;2015-10-04;North Christine
Charles Burgess;ldalton@thomas.com;ghhV+MBo@7;2019-08-22;New Mariah
William Page;johnsmith@hotmail.com;*7Hb)NFdnp;2021-05-24;Johnnyside
Carla Young;griffithangela@barajas-oneal.com;h@V@1KEfhw;2014-02-18;Carrollshire
Joshua Velazquez;xmcgee@travis.biz;M_3HAfnE&d;2006-05-27;New Joeview
Carolyn Carter;zochoa@yahoo.com;(*6(cQ)jQ&;2012-03-14;Andersonbury
Ronald Elliott;samantha52@gmail.com;I@9NJAUt$V;2018-05-09;Lynnshire
Scott Hernandez;robbinsjessica@russell.com;(_N7tb4vt4;2003-08-10;Courtneyfort
Keith Campbell;ihughes@yahoo.com;Rm+4WxsgF_;2009-06-16;Steeleton
Kristina Bauer;anthony75@henry.com;1&$0GaYm&5;1999-03-18;Elainefurt
David Taylor;rothlatoya@hotmail.com;!0PAHgZgXq;1971-01-15;Malonestad
Dr. Maureen Delgado DDS;morenofred@stanley.com;v2Gd8H*na$;2007-04-20;Cynthiaborough
Daniel Marquez;lindseyhawkins@gardner-carlson.com;&L6DNCoanr;2022-09-14;Trevorstad
Stephanie Nixon;alvarezlori@donovan.biz;(%ZimG9w5F;1993-05-21;South Diane
Alexandra Smith;abigail70@hotmail.com;dmj1Zkq!2&;2004-10-01;Lake Stephanie
Jennifer Moore;camposnancy@howell.biz;0Iw^V_k!^Q;1989-03-31;East Matthewfurt
John Lam;toddgoodman@hoffman.info;)RsqN9HvAL;1992-07-12;South Amy
Benjamin Scott;rmorales@gmail.com;^3aDq#Qg*E;1995-01-24;Freystad
Megan Collins;cmay@johns.com;E&jC6SCyv&;1982-04-07;West Monicaside
Ronnie Lopez;grhodes@jackson.info;n%8DoscxrC;1970-11-25;Lake Davidland
Jamie Vaughn;butlerchristine@yahoo.com;m2J%E$Gi^Y;2004-11-14;Lake Cheryl
Matthew Miller;pachecojennifer@tucker-fleming.com;)7^M7WrD7c;1972-06-07;North Traceyfort
Alyssa Cole;clowe@yahoo.com;H&_EY8p&+3;2001-05-26;Lake Amanda
George Patterson;tracie29@burnett-adkins.com;m_3+vsCz0I;2005-07-01;South Elizabeth
Jill Bell;umartin@hotmail.com;I%k8IQjTFA;1993-08-30;Port Ashleyland
Abigail Barnes;skey@thomas.info;+SJBGpyw71;2020-01-08;New John
William Rogers;jennifermartin@luna.biz;efZ3lQzi%G;2003-12-27;Amberton
Elizabeth Poole;david24@bernard.com;)4sCW9YwY*;2013-02-04;Lamberthaven
James Watson;chelseashort@morris.com;^oqFU+Nuu0;1992-08-27;Pearsonborough
Tim Patterson;ajames@yahoo.com;#YTt!NaK4g;1991-09-01;Shannonville
Francisco Beasley;andrea92@hotmail.com;2u0QAlVLn&;1980-01-13;West Taylor
Carol Brock;krobinson@gmail.com;gym9Kvw3t*;1978-09-04;Port Marcuston
Anna Green;beckkathryn@hotmail.com;5*8Rdetz#@;2022-05-15;Port Anthonybury
Ms. Anna Torres;maria93@yahoo.com;!tEZ)xxt_0;1993-03-09;North Matthew
Amy Walker;gortega@hotmail.com;&0)9dM*uHl;1975-01-03;West Tinastad
Emily Warner;iwallace@smith.org;2xCO)Dz9@^;2019-02-19;Kingfurt
Katherine Lynch;ramosgregory@holmes.com;P5Ou)o6R_i;2021-07-07;Lake Danielview
Steven Lopez;benjamin64@gentry.org;4QALZEd+&i;1991-04-17;Jensenborough
Alyssa Nelson;matthewsmith@walker.com;#0elNvea6t;2015-01-29;Vazquezmouth
Sabrina Turner;duane48@schultz.info;%CB8W^Bn(4;1998-05-28;Lake Joshua
Lisa Hampton;paulruiz@yahoo.com;#m90A+gM$t;1983-04-20;New Jamesport
Lynn Gibbs;samuelleach@yahoo.com;&iHgNErR0b;2021-05-15;Perkinsbury
Kaitlyn Ramirez;rachel76@riley.com;!6ZH&L2p!x;2021-02-04;Gibbsmouth
Ethan Gonzalez;dking@yahoo.com;_8Lo)@dCl!;2020-09-21;Johnport
Stephanie Reeves;elizabeth24@ritter.com;^AFd7BdsFd;1976-04-12;Gonzalezview
Maria Valdez;beth82@soto.biz;*0hRSrwrb1;2023-04-10;Santiagochester
Michael Steele;fvega@brock.com;TH&5+MOu8I;2004-11-26;East Andrewshire
Mark Rhodes;jamie49@weber.com;W*j2OwYoxI;1987-09-22;Port Breannafurt
John Finley;wayne64@gillespie-morales.net;$0JDnShX)(;1970-11-27;South Julieview
Rhonda Robles;janice82@yahoo.com;E9VlXpQI^S;1996-06-01;South Richard
Catherine Garcia;gwilliams@hotmail.com;!CXvQDwaq4;2006-08-11;New Patriciafurt
Michaela Moore;ashleycollins@clark.com;o6Wzwyex@X;2023-03-12;East Ruthview
Lauren Tucker;carol11@smith-lucero.com;!D!JETR4f9;2010-08-18;New Williamview
Monica Mcclure;delgadoamanda@hotmail.com;py7nuWWj(R;1997-05-19;Castillomouth
Jamie Anderson;madelinehodges@hotmail.com;&q7vDvi28(;1976-06-04;Bradleyberg
Matthew Hodges;zimmermanguy@gmail.com;!8@DE79h!u;2021-07-17;Hardinland
Cheryl Shaffer;phillip62@lowery.com;)GG@qi^w&7;1993-08-28;West Marciaberg
Anthony Santos;uwhitaker@hotmail.com;_4N#8ng3wV;2001-07-25;Armstrongberg
Jason Reyes;margaretthomas@vargas.org;N7&3XSklF^;2010-03-16;New Hunterton
Andrea Davis;jonesjuan@gmail.com;rC@4NUYhx2;1979-09-29;West John
Jessica Meyer;jamierosales@yahoo.com;8fJ9MFXq@N;1984-02-10;New Jonathan
James Garcia;abbottcarmen@suarez.com;xNgdIFIf+0;1994-07-31;North Audreyside
Patricia Bauer;kingamber@abbott.org;iW8(!0Gkra;2016-08-13;Brightborough
David Garcia;davidcline@yahoo.com;7v%a0AXqO*;1981-05-15;North Noah
Kathryn Chapman;david14@hotmail.com;_xt#HDqy&0;1982-03-11;Howechester
Jason Morton;jeanclark@walker.info;2%+8U+UvWg;2008-12-29;Haynestown
Leonard Cruz;matthewsautumn@yahoo.com;$7CfstIx4w;2004-09-03;Mooremouth
Benjamin Chen;christopherbooth@gentry.com;)4U!Jg*pO6;1977-01-01;Jeffreymouth
Valerie Moore;gsimmons@hotmail.com;DQGWC5ejl$;1981-08-04;South Justin
William Sparks;peter31@hotmail.com;@7Z!wo9C!k;2008-03-24;West Juan
Karen Frazier MD;kathryn08@guzman.com;E^r4G(c5pv;1984-01-13;Melissaton
Nathan Jimenez;christopherroberson@gmail.com;(6ZTBbclsL;1972-11-16;New Crystal
Erin Ingram;hunterchristopher@hernandez-rogers.com;)zUgJxJ78C;1988-06-19;Deborahmouth
Jordan Raymond DDS;bryantsteven@yahoo.com;Mp1SNdCRc(;2002-12-31;Wallsberg
Samuel Davis;xperez@gmail.com;pHN+PQsB_9;2001-02-03;Port Adam
Mrs. Michele Aguilar DDS;anthony78@wells.com;Xk2FicSF(3;2004-11-22;Cynthiastad
Thomas King;oscott@gmail.com;&1pRgSnH_!;2018-07-01;Simmonschester
Stacy Lambert;pmccullough@bird.biz;rCCG32Ha5%;1978-01-15;South Nicholas
Ms. Terri Robinson MD;jon36@gmail.com;B9@4EVoY2b;2004-09-19;Laurenhaven
Nicholas Davis;martindesiree@gmail.com;@07Hf2NMnl;1980-05-25;Port Vickie
Joseph Colon;carlsonphilip@gmail.com;LH!8Yf3E(4;2003-12-25;Lake Allenmouth
Kathryn Wiggins;elizabeth14@gmail.com;r(6AF^2w1n;2005-05-11;Lake Stephaniebury
Valerie Rios;newmanjennifer@mcguire.biz;(9hzTJZ&tq;1972-05-28;North Anneberg
Dustin Jones;lisa49@gmail.com;c%J@D3G3Cm;2004-07-02;East Amyfurt
Nicole Drake;kaitlinjones@hotmail.com;(D7CoeVjr(;1994-10-09;Stewartport
Debbie Morales;johngibson@love-gonzales.org;^#4y3WwgtE;2009-03-03;New Timothytown
William Lee;michele39@hotmail.com;@pe6ZAfo8!;2001-12-11;Port Elizabethside
Lori Price;bnewman@yahoo.com;)UA0$dZl*%;1997-01-08;North Erinmouth
Jerry Morales;ymccann@gmail.com;r2xM&rbT+9;1983-07-20;Hillmouth
Jason Briggs;christianbrooks@yahoo.com;Go7HBq5s$s;2004-07-30;Davisberg
Sara Bridges;castillokimberly@thompson.com;@m9KKcChbu;1983-03-20;Amymouth
James Jackson;paul74@gmail.com;fhZo0UfgQ&;2017-12-27;South Andrew
Lynn Schmidt;robin56@hotmail.com;lI63UQPfy!;1977-09-30;Port Corey
Kevin Hughes;parrishjennifer@yahoo.com;_D#$JtU&7j;1977-12-01;Cruzhaven
Jonathan Miller;christopher84@hudson-perez.com;&e2pVhKzR7;2012-12-04;Roberthaven
Jennifer Alvarez;pearsonscott@hotmail.com;%2z2QrW!x7;2007-09-28;Parksborough
Dominic Odonnell;timothy12@yahoo.com;nI24FZZcj%;1996-11-09;Smithshire
Robert Fleming;johncarter@young-powell.org;d*0M7Ed+mc;2019-08-03;Lauriebury
Tanya Wright;brandi20@gmail.com;%6xf4xSpDG;1980-05-28;New Shane
Jennifer Cooper;karen23@hotmail.com;$MgULTk*42;1993-01-22;Jensenmouth
Robert Hicks;whitakersandra@yahoo.com;g6z02Jki(r;1989-06-22;South Zachary
Amy Smith;turnerpamela@hotmail.com;#e4C0#gYb%;2000-04-17;Bradfordton
Jeffrey Walker;heidihoward@hotmail.com;8+0Cum9Pst;2002-06-02;East Andreaberg
Erica Alvarez;omendoza@gmail.com;M+1kB7Sc%0;2012-12-22;Port Samuel
Zachary Johnson;danielsdevin@jones.info;+CdA*oKv3w;1980-01-12;Lake Thomasstad
Jessica Higgins;hogankrystal@yahoo.com;%@2GVVrWU1;1984-06-02;Lake Jesse
Samantha Smith;careyjoy@roberts.com;6PUgbkWL%4;2007-08-08;Williamtown
Christine Rivera;knoxlisa@brewer-robertson.info;t^7iTv2i2_;2022-11-08;Moralesside
Matthew Williams;charleswallace@gmail.com;H8p)Mc6r_h;2020-10-14;South Benjamin
Daniel Coleman;xhenry@yahoo.com;+!k5ZAbBjn;2023-07-17;East Alyssahaven
Sara Brown;lewiskaren@hubbard-chung.com;90u!*9Lp+h;2003-09-14;Robinsonview
Ricardo Ramirez;vhorton@diaz.com;7l8!iGUe@I;2010-12-05;Hayesborough
Kyle Gilbert;jonathancannon@hotmail.com;%lB8nz1$!3;2003-09-06;South Oscartown
Kimberly Adams;darren55@williams.com;NIA4^vz8#6;1974-09-04;Michaelshire
Pam Brooks;david34@cook-wallace.com;@6BLv_wk0q;1977-02-05;East Tanner
Tammy Dalton;shelbygarcia@hotmail.com;U(j9QxI)wf;2020-07-06;Alvarezshire
Shannon Wright;singhdebra@cole.net;@z(9Iy8jLe;1980-06-08;Hallhaven
Eric Phillips;carrillobrian@morgan-dean.com;+$3MuU!eVS;1984-02-24;East Katelyn
Cody Bryant;heather57@yahoo.com;)2+21*VnfB;1971-10-02;Pamelafurt
Shannon Brown;zallen@johnson.biz;@Lqx2RIuOi;1986-02-16;North Melissaburgh
Vanessa Smith;jball@hotmail.com;R7rR&ijO#V;2004-08-07;Port Jeffreyport
Katelyn Guerrero;awang@gardner.net;+cwHGbsf1N;2009-04-09;Stephensmouth
Lisa Young;madison86@nelson-long.com;$9IP1Wz5Ue;2001-12-16;New Victor
Jessica Fisher;christophersellers@pena.com;h4dPNuYr!N;1973-07-06;Matthewsmouth
Brian Allen;nicolas77@yahoo.com;@7dxtIg)$d;1989-06-25;North Baileystad
Robert Johnson;susan00@gmail.com;y!9*Ei2q+h;1987-07-12;North Jill
Chad Hill;robinvaughn@hotmail.com;$iXGSQ+8e0;1996-02-27;New Sharonchester
Annette Lopez;barnespaula@hall.biz;yeTNw(ez*9;1973-07-17;Danielborough
Scott Sosa;garyvalenzuela@anderson-fitzpatrick.com;$8HzyQWt)s;2016-05-30;Lake Joseph
Vincent Randall;josephfoster@glover.com;Oto06yXKW_;1975-08-01;Youngville
Tracy Hubbard;clee@bowers.com;&+$0E9vgX2;1988-05-03;Ashleystad
Justin Hamilton;jesusmorris@gmail.com;P@9nWuErWh;1988-08-10;Dylanfort
Christine Briggs;davidsolomon@ingram-warner.net;PX6Xf+aug);1979-03-18;New Richardport
Kelly Ball;lstanton@gmail.com;#2yNFi$fX0;2019-06-22;Charlesfort
Christopher Patel;michele69@chang-arellano.com;G2@5F9j+_E;1988-12-01;Moonside
Debra Henry;tcastro@hart.org;%q4!9bJ_3$;1974-06-21;Warrenbury
Kenneth Johnson;zramirez@yahoo.com;WMRpOVeu+0;2005-03-16;Simsfurt
Zachary Gardner;jonestricia@gmail.com;d@!x4BBh!Q;2019-09-30;Chelsealand
Stacey Griffith;jasonsanchez@murphy-melton.com;oI2zY03y$!;1999-12-07;Samuelmouth
Tony Brock;melissa90@gmail.com;IwXJIDsc^9;2014-04-01;Sarahville
Ronald Cook;anthony36@bryant.org;%T8zURKz&m;2001-10-22;Derekport
Jonathan Monroe;richard73@henderson.org;+2bV(HjwHE;2020-01-13;South Jamiefort
John Moore MD;dcastillo@herman.com;1L5Krg1T)6;1978-07-30;Mendozaview
Lisa Jennings;blackburnolivia@miranda-hansen.com;!shRFjjD^8;1992-05-21;New Paula
Brent Clay;perezangela@yahoo.com;#DxQDQe462;2012-04-20;Reedshire
Hannah Michael;amber71@bailey.com;@S1EB&dgGk;1997-02-06;East Nicholas
Kayla Colon;jamespowers@avery.biz;ECr06GGa($;2011-08-15;Lake Hannah
Jennifer Carter;bwiggins@graham-williams.com;!j157So862;1990-03-25;East Shannon
Gary Larson;briandunn@ellis.com;rP92RUv2%I;1982-02-05;South Robertport
Julie Davis;tcharles@hotmail.com;u)V6QfTo&R;2014-01-04;East Lisaport
Ashley Bowman;sandovalmeghan@yahoo.com;ZAPufR6F@9;1998-09-30;Millerfort
Travis Stafford;rita54@yahoo.com;Qs1Lpj)l(u;2002-01-24;East Claudiaport
Catherine Li;annafletcher@glover.org;CW6wR^jbG_;2021-08-18;North Natasha
Morgan Fleming;ismith@miller-harris.com;64Ecdj5Y)I;1992-05-07;New Heidiport
Anthony Holden;melissa47@morgan-lynch.org;#JV8VyHpR4;1988-02-20;Cochranberg
Dr. Sherri Adams;charlesrodriguez@yahoo.com;Z&7gGUrs^E;2010-07-30;North Craig
Mary Cohen;morganscott@miller.com;_mfK2BfvF3;1982-09-26;Mullenborough
Rachel Harrison;jonespatrick@yahoo.com;$LVV*5m^m8;2001-12-23;South Susan
Diana Scott;adamjoseph@kelley-underwood.org;a%40GFiBTd;1994-06-06;Port Gavinland
Christopher Kemp;johnsonevan@doyle-mcfarland.com;z2Nzk0Uw#6;1984-12-07;South Mark
Nicholas Harrison;samuel01@gomez-white.net;(Tg@6XKtW@;2016-11-06;Caitlinside
Tiffany Ferguson;bobbyjackson@gmail.com;9pUXxCZe@0;1990-12-31;Brandonshire
Nathan Morgan;kcardenas@gmail.com;b3KHGsiM(V;2019-10-20;New Emilyberg
Jessica Johnson;christopher61@johnson-riley.com;g8wHCWQa^*;1972-07-03;Marshalltown
Adam Daniels;tonya99@perry-martin.com;&9kPpn_!B*;1983-07-02;West Carlaview
Heather Saunders;edward71@hobbs.com;_0XObzTbLJ;1994-11-17;Lucerofurt
Taylor Smith;howardrebecca@martinez-clark.com;V_9uFJt(X&;2022-03-30;Ramseyburgh
Ashley Compton;bowenlauren@hotmail.com;v4d1SUctc*;1997-06-29;Huertaburgh
Andrew Hendricks;davidramos@white.com;0hWH^@2q_x;1982-12-01;Lake Jamesberg
Mark Rios;uhenderson@hotmail.com;98X8FM(l$9;1988-07-11;Williamview
Anne Campbell;smithjacob@hotmail.com;(gD^2Qnb@%;2009-01-19;South Joshua
Aaron Johnson;wintersjay@gmail.com;C*840K%tpb;1992-07-12;Lake Samantha
Jessica Parker;warderica@yahoo.com;^JDJjRcd8B;1990-09-28;East Donnaville
Norman Jackson;jmendoza@hotmail.com;Ww28Lzcs$%;1998-08-14;South Pamelabury
Tina Reyes;amiller@rogers.net;76Dy#z2a%E;1998-07-29;Lake Ronaldhaven
Thomas Smith;bbaker@rodriguez-shepard.org;+O_S4McDSM;1987-12-20;New Jacobtown
Marc Martinez;afarmer@hotmail.com;$5ZiqbfdsV;1999-08-08;South Mariomouth
Brenda Allen;johntaylor@gmail.com;eZ0THG$gH&;1977-03-14;North Matthewchester
Cheyenne Crane;usavage@hudson.info;)zfgJ8Kpz&;1998-06-28;New Davidfort
Joseph Hayes;qphillips@richards-mcmahon.biz;M&U8nrLGBs;2007-04-03;Susanton
Dr. Heather Anderson PhD;holmesjames@yahoo.com;(uONy6C2G7;2006-06-24;Shawnshire
Peggy Daniels;john22@sullivan-davies.com;_r%4XezETE;2003-04-01;Patrickbury
Tiffany Campbell;elizabeth43@hotmail.com;^oxKBDbt+9;2018-05-31;West Bridgetton
Alec Hobbs II;rclark@yahoo.com;5VLO5oqz_^;1983-02-26;Diazland
Thomas Mason;hernandezanthony@steele.com;n&Kn3OynTN;2017-05-11;Michaelmouth
David Martin;stevenrodriguez@martinez.biz;qI(0FwSp@c;2006-09-28;Lake Kurtside
Michael Stevens;tracyowens@yahoo.com;V)tLUVd*$9;1985-11-06;Robertview
Daniel Daniel;pamelabennett@douglas.com;cS4W6cwf@);1981-01-14;Melissaton
Rose Woodard;kevinford@warner.com;@7wVMXxi^7;2000-12-25;Hansonshire
Samantha Anderson;bowershannah@gmail.com;q@a7MLxQ0@;1972-05-04;West David
Joseph Morris;gkirk@yahoo.com;YJ50Yyza+o;1975-06-05;Donaldchester
John Wang;irodriguez@hotmail.com;)Wb!97l0g*;2020-01-15;Nataliestad
Deborah Watkins;hortonsonya@clay.com;_6YOCYxuLU;2023-03-05;Davisbury
Justin Washington;hayslinda@thornton-ochoa.biz;7eZYapZ2%z;2023-07-19;Huntland
Vicki Payne;vanessatownsend@gmail.com;xjdu3VJa%^;2017-04-04;North Katherine
Thomas Baird;dustinhernandez@yahoo.com;Yb4W$_K_s(;2020-06-07;New Davidport
Tanya Shah;stevenevans@lewis.com;!c)oAESJ_5;2011-10-31;Louisbury
Kendra Holmes;elizabeth51@hotmail.com;Is*L9XUcDo;1981-05-14;Adamfurt
Kelly Thomas;michelewheeler@hotmail.com;6@6XZ4Vzh3;2010-06-07;South Jessica
Rhonda Fuentes;kathy35@manning.info;8)BA@v+V#1;1998-08-16;Elliottport
Melissa Herman;rsellers@yahoo.com;9+i994Mo2S;1973-11-19;Smithhaven
Sabrina Mccarthy;melissa72@yahoo.com;v#7JJ5(u#P;1988-10-19;Port Devin
Sarah Marshall;kristen78@hotmail.com;*E7THmKBpN;2018-01-09;Johnsonmouth
Kenneth Hughes;ecarey@yahoo.com;5xLjy$5r@H;2008-11-09;Gonzalezport
David Watson;leemary@dickerson.com;_7vCQUVEWq;1986-07-03;Lake Christopher
Sarah Gonzalez;ncook@gmail.com;$nyuMAeTd9;1992-06-12;Patelview
Anna Saunders;nicole56@fletcher.com;F*2FGdsQyl;1981-09-08;South Josephland
Sandra Whitaker;daniellemcgee@gmail.com;+2B4ZjLb!X;2023-05-05;New Marietown
Brad Wood;monicamack@gmail.com;Y7Vwr^mE^%;1976-03-09;East Heather
Thomas Fox;powersjames@yahoo.com;c_3Sxkykt*;2007-10-23;Kimstad
Michael Smith;janereyes@yahoo.com;e0g8^Yhu_$;2004-12-15;North Melanie
Susan Taylor;shawnabrown@johnson-huerta.com;$dt9MsK2H_;2011-11-12;Amyton
Denise Mueller;rbarnett@willis-moyer.com;0W+^JSFw!6;2015-08-21;New Kimberly
Stephen Campos;michaelrussell@hotmail.com;CrTP(0Xy!K;1997-12-19;Lake Jason
Jacob Baird;petersonsandra@gmail.com;5X1V_&*lR$;2011-05-10;Johnsontown
Victoria Sullivan;seth45@dominguez-sandoval.com;9R9BvZq5!S;1978-05-12;Lake Rebecca
Noah Morris;joshuaberry@yahoo.com;((4Zmn0qzz;1987-11-23;Andersonland
James Horn;huffrandall@vaughn-schneider.com;8(2QtBKY8n;1986-10-25;Parsonsborough
Joseph Thomas;ggarcia@garner.com;aG2^pMjn^D;1985-12-16;Perezland
John Lewis;fbennett@parker.net;a0)ZjZh6$U;1970-09-05;New William
Ronald Johnson;ihodges@peterson-jones.biz;fwQ#3I)uX1;2019-07-22;Lake David
Bonnie Stewart;abarrett@gmail.com;z8jMrU3y^4;2011-04-02;North Kimberlyton
Heather Bean;briggsrobert@contreras.com;$77kLkca5k;2014-08-22;Richardsonport
Tiffany Bailey;michelle21@olson-miller.com;%WjKcqvp+8;2008-08-09;East Anthonyview
Courtney Stone;thomasmichael@murray-banks.com;@dQ1ZRyi5b;1999-12-15;Port Rickey
Douglas Johnson;ashleyrivera@hotmail.com;(%)7J@ctB1;2001-09-25;Clarkland
Martin Thompson;samueltodd@gmail.com;@yN85hKT2M;2001-08-06;South Michelle
Jordan Parks;robert21@hotmail.com;c#L2BtDoSh;1970-01-21;North Stephanie
Emily Green;gina81@hotmail.com;iXwrW0l7)&;2019-01-11;Carlsonport
Mr. Richard Martin;ralphcastaneda@nicholson.com;$6!wpVUgkj;1975-07-14;Debrahaven
Jason Smith;alejandro67@norman-baxter.com;i8VnQEKQ^q;1987-06-18;North Monicaview
Melvin Foster;jenniferanderson@yahoo.com;Wv#8CwRIpu;1991-04-25;Timothyland
Jacob Henry;jesse35@yahoo.com;r5M8s3AX(R;1993-09-06;New Steven
Maria Williams;antonio74@chandler-taylor.info;+^$5eXDpY1;1971-12-21;Jesusmouth
Robert Watkins;isaac20@hotmail.com;rY&W@9CdEP;2015-01-23;North Alicia
Laura Bell;mariah87@bailey.com;@JXs0gSnN1;2019-05-04;Bakerbury
Brian Pruitt;megan88@gmail.com;T+Wd@9d*gM;2018-03-31;North Ashley
Monica Drake;ebailey@yahoo.com;V_k0hbZr#5;1992-08-19;East Victoriahaven
Connie Harris;gregorystrickland@allen.com;r7)CP^Xe_m;1985-08-21;Samanthaberg
Erin Acevedo;qpayne@hotmail.com;a8RUpq7P(C;1979-01-01;Lindsayview
Joseph Perez;williamking@mendoza-king.com;+qKNHYfe4d;1994-09-09;Port Peter
Eduardo Molina;chanson@gmail.com;L_4KERzrQ$;2000-09-10;Carriefort
Brittany Mendoza;sheliamitchell@riley.com;4Q*0Vq#hOs;2010-08-07;South Louisbury
Robert Smith;andrewsandrea@gmail.com;19xxEh29!1;1987-04-13;Coxside
James Meadows;ericvasquez@gmail.com;@o9lIC^vLr;2008-11-01;New Laurenmouth
Seth Rodriguez;janet04@mccoy-johnson.org;qf@7tYKuJ+;2022-07-06;Lake Karen
Steven Anderson;jnelson@larsen.info;3%5aJJkdlS;1996-11-24;Victorburgh
Robert Malone;robertscandace@gill-oliver.info;L*4#1HX_si;2002-06-29;Brentfurt
Barbara Rios;patricianielsen@hotmail.com;r4!P%dgJ*@;1994-03-27;Port Tylerbury
Devin Mccarty;robertcollier@hotmail.com;Jd8d)F5hA!;1989-12-11;Michelechester
Mrs. Kara Murray;deanna46@anderson-porter.com;o81C7(rqR(;1982-08-22;Mooneyton
Jared Clark;victorianewman@cline-boyle.com;aW)CA8WlQs;2016-11-03;Kevinfurt
Hannah Davis;melanie50@jenkins-thomas.com;igqZDwhd!6;1981-10-23;Waltersville
Clinton Lopez;kristibarron@warren-stevenson.com;*&8ACkd2xk;1999-08-02;East Heather
Michael Logan;stonetony@yahoo.com;%gDyk&MQ6C;2011-07-14;New Barrymouth
Kristin Pena;shannonrussell@griffith-bush.com;+965LDYpT+;1991-05-06;East Matthewborough
Daniel Mayer;robertskatherine@yahoo.com;)5ob4CI^1w;1977-02-27;North Nathanton
Nicole Johnson;martinezcarmen@yahoo.com;_1BHbrdJaT;2019-02-04;Sanderstown
Kevin Gibson;walkerfrances@leonard.com;bR4cdCUbS$;1995-09-23;Lake Jay
John Hughes;teresa45@bailey.org;@1NIhyzw6f;1983-03-13;Lauriefurt
Michael May;ryanrobinson@kelley.com;Eoh3Zcxw+N;1979-09-26;Brownton
Ronald Hess;kaylabarker@lopez.net;WPy(2SGq5);1990-04-13;New Steven
David Willis;laurie91@hotmail.com;%_3Dec0otm;1995-07-31;Randychester
Sarah Hernandez;ryan10@ryan-farley.com;!6bKFchMb2;2012-07-06;Davisbury
Kimberly Adams;amanda31@stanton.com;0Q2HU^j4!E;1983-01-25;Sharonside
Susan Wells;salazarjessica@yahoo.com;cc8pFkMi*x;1970-08-14;Lake Christinaborough
Annette Myers;hurleynancy@hotmail.com;$ubIhXjf7w;1982-03-23;Porterville
Michelle Ortiz;cathyrubio@stewart-carlson.com;a(LeD8CxE^;2010-01-05;Lake Kevin
Christopher Garcia;adam25@yahoo.com;s7Du(_IH)e;2007-12-01;Wolfehaven
Lawrence Williams;martinbradley@morris-villegas.biz;^^z2MhDhVk;1996-05-19;Melissahaven
Michael Vazquez;dbranch@gmail.com;bn1oYvaB)+;2015-02-15;Travischester
Samantha Howard;kevin45@thompson.net;$70Hks51jj;1981-08-04;Smithview
Catherine Gates;derek48@gmail.com;H^2pXG1o!@;2004-06-29;New Paul
Brandi Glover;bhogan@hotmail.com;)@T1NmEQy3;1979-02-07;Romanfurt
Richard Taylor;lonnie90@gmail.com;_1K59Pxx^u;1996-01-17;Port Christina
Brandon Taylor;blevinsbrandy@hotmail.com;mE@1PVNnHy;2023-08-07;West Shawn
Travis Coffey;parkertheodore@yahoo.com;j^1F(Rbk#c;1993-04-14;Port Danielle
Emily Benton;dstafford@williams.com;(1o$KTDlQg;2002-06-10;East Kristen
Cheyenne Waller;howardanthony@melendez.com;!9IgIqab$t;1983-02-24;Lake Royberg
Justin Flynn;sdean@yahoo.com;$FTQKBuhe8;2016-07-29;Mendozaton
Bill Phillips;kturner@robinson.com;HH#F1O*oU&;1974-03-22;Lake Sandramouth
Sandra Clark;sullivandavid@gmail.com;NmUehsAC@6;1970-06-14;South Crystal
Joseph Carpenter;vincent06@page.org;@0LChdRE8g;1979-08-24;West Jenniferburgh
Cameron Daniel;eric22@duncan.com;b7FO_5k3%X;2003-06-22;Debrafort
Kimberly Smith;halebrian@gmail.com;j5MF&y&F_w;1979-02-18;East Suemouth
Dawn Patterson;dylan37@miller-donaldson.biz;(#2XL)bnbT;2008-06-21;Morganmouth
Donald Thomas;thomaspayne@hotmail.com;yzQ2FRak$3;2008-11-19;South Michaelmouth
Wesley Perez;mcguiredavid@yahoo.com;Vgu53Ug&__;1996-09-03;Brandonmouth
Pamela Moss;lauren19@yahoo.com;Y(E0Lc2D7e;2002-11-26;South Austin
Chelsey Dennis;tonydavis@rivera-soto.info;pO$8X5qe2E;1974-02-18;Lake Richardbury
Mariah Santiago;fbrown@yahoo.com;&0^FnMLg2E;2011-03-28;South Heatherberg
Larry Duran;marylynch@williams.net;+#zzQgxns6;2007-05-12;North Melinda
Jennifer Sweeney;rwhite@yahoo.com;6HW(LEhv+W;1974-07-08;Colemanton
Benjamin Tate;courtney68@gmail.com;v^7ezKOrv%;1985-05-08;South Bryan
Christopher Brown;zmathews@richardson.com;hy06DNkp&);2016-12-07;East Devin
Howard Gonzalez;erose@hotmail.com;eBgLZ#Co&1;2007-06-15;North Vincent
Tara Day;raymond71@mahoney.com;IXry3Cgt4$;2018-10-14;Grahamborough
Kaitlyn Watkins;upeterson@mayer.biz;Ovy%9JIl_j;1980-01-28;South Steven
Gordon Farmer;elizabethmejia@shields.com;X%0zEG2kqe;2022-04-16;New John
Teresa Hendrix;ngutierrez@hotmail.com;R3GmEGp9&4;1974-08-09;Harrisstad
Emma Rosario;joseashley@hall.com;l1aGVbEI*E;1974-07-04;Deniseberg
Robert Howard;collinsjoann@johnson.com;KH_1oCgbL);1991-08-01;Greenchester
Kristine Rose;zross@gmail.com;JAlKrBOx_8;1994-12-09;Patrickchester
John Woodard;swilliams@yahoo.com;_F)ma3IyYY;1997-09-29;East Holly
Michelle Richards;wgoodwin@gmail.com;*lB4Zz%&aD;2008-10-20;Masseyton
Chelsea Sampson;jacksonsamuel@hotmail.com;GGVODRad*6;2015-02-15;South Amytown
Lisa Ray;meyerlee@gmail.com;3_v8CyoBrR;1979-03-16;Johnbury
Karen Rose;sharon85@martin-williamson.com;#B8815YaY@;1982-11-18;Lake Markside
Brian Good;bradleynicholson@gmail.com;hl4Z9Nwl#Y;1989-10-29;Rubenberg
