0;Rose Henry;Mooney;victoria73@pratt.org;)#2^GM7uHY;1985-01-15;Richardsontown;1990-07-29
1;Daniel Thomas;Roberson;collinsangela@peters.com;(tna2OsHV&;2004-08-14;Port Johntown;1999-04-08
2;Ryan Henry;Bell;egonzalez@mendez.com;f71i!N)k^t;2020-05-14;North Abigailberg;1984-05-31
3;Pam Mitchell;Jenkins;sean10@hotmail.com;Y1SSJlor%s;1979-03-17;East Timothychester;2007-05-26
4;John Lewis;Fitzpatrick;mcmahonjoshua@yahoo.com;^SD7+QpPq&;1997-07-13;Pamelabury;1984-08-23
5;James Craig;Day;williamburns@mcintosh.com;+47bAfGyx*;2010-05-18;Melissafort;2018-01-28
6;Scott Jacobs;Peterson;dflores@martinez.com;$52CbNwqh0;1980-09-05;Jonesborough;1996-03-02
7;James Smith MD;Floyd;ashleykelly@lewis-hunt.biz;gNA1sHyY$8;2005-11-27;Jenniferton;1981-05-28
8;Lisa Walker;Malone;edward23@miller.com;*yW1lR9y^m;1999-06-09;Lopezshire;2001-11-03
9;Mrs. Kelsey Reed;Conway;marcushuffman@tapia.com;(*Wsub*0I9;1999-03-07;Port Deannamouth;2006-11-24
10;Tracy Thompson;Wells;chernandez@stafford-montes.com;^$BLuUWnu1;1971-12-14;Jamieside;1990-10-26
11;Eric Lewis;Nguyen;laurenwalls@hotmail.com;_8av14Ou(J;2012-04-18;Hallview;1972-02-29
12;Manuel Morales;Velasquez;humphreywilliam@davis.com;p_0aRr!26z;2007-08-23;East Kaitlynview;1978-09-12
13;Melissa Garcia;Campbell;qwilliamson@gmail.com;qAFQRquF(2;1973-07-10;Nguyenton;2021-07-05
14;Patricia Watkins;Mitchell;linda58@taylor.com;@4&IGl3$$h;2023-03-27;Laceychester;1993-01-27
15;Arthur Dennis;Burke;angela28@lawrence-nguyen.com;F_z1Kr3sN0;2001-03-15;Fernandezland;1985-11-30
16;Jonathan James;Meadows;jacobsnathan@hotmail.com;%^10DWc!uG;2012-11-24;Port Ryan;1988-11-28
17;Kendra Johnson;Hall;bpeterson@tyler.com;Z!Y7NYd%hm;2010-11-06;South Amandaside;2009-06-11
18;William Mcdonald;Hall;burtonjeffrey@wells.com;H4gZFh^%&t;2015-11-17;Lake James;1997-03-28
19;Corey Christensen;Saunders;christina39@kelly.com;yg%3Jmriro;1987-10-31;Lake Heatherchester;2004-02-29
20;Melissa Nguyen;Landry;amy41@jones.org;xigRVGib%9;1971-07-13;Burnsmouth;1984-02-11
21;Joseph Vargas;Ramos;lozanomegan@cervantes-sawyer.com;^0*&8KGag_;2016-07-17;Michaelview;1994-08-06
22;Denise Lee;May;reynoldslaura@roberts-mitchell.com;Av06(Ypyq^;1992-06-29;North Michaelton;1987-01-01
23;Margaret Hill;Lynch;sarahanderson@guzman.com;_4Hz+$oPtm;1973-06-23;East Sharon;1999-06-10
24;Catherine Lopez;Miller;john39@hotmail.com;_1CroiNPg7;2012-06-12;Caitlynhaven;1999-08-11
25;William Rivera;Cain;rhonda41@hotmail.com;@dE9Gpu7E5;1996-02-03;Jeffreyville;1978-09-29
26;Patricia Marshall;Thompson;imiranda@thomas.net;#6YC^^Ntjt;2005-12-09;Port Douglas;1982-11-16
27;Terry Bates;Payne;morganscott@buckley.com;3RsMgPSx@Y;2009-04-07;Lake Troymouth;1971-07-31
28;Katherine Wade;Scott;bgriffin@walsh.net;QA+9NhCvX%;2006-01-05;Curtisview;1977-12-08
29;David Orr;Brown;zgonzales@hotmail.com;t+8uQmYWSv;1999-12-15;North Mikechester;1999-05-18
30;Michael Burns;Shields;samanthacameron@gmail.com;g6A)ppbd(m;2005-11-27;New Andreaburgh;1984-01-23
